Product Category,YearMonth,Units,Type
Automotive Parts,2023-01,773.0,Actual
Automotive Parts,2023-02,755.0,Actual
Automotive Parts,2023-03,773.0,Actual
Automotive Parts,2023-04,807.0,Actual
Automotive Parts,2023-05,915.0,Actual
Automotive Parts,2023-06,1012.0,Actual
Automotive Parts,2023-07,869.0,Actual
Automotive Parts,2023-08,1043.0,Actual
Automotive Parts,2023-09,1473.0,Actual
Automotive Parts,2023-10,1277.0,Actual
Automotive Parts,2023-11,1897.0,Actual
Automotive Parts,2023-12,1616.0,Actual
Automotive Parts,2024-01,886.0,Actual
Automotive Parts,2024-02,691.0,Actual
Automotive Parts,2024-03,831.0,Actual
Automotive Parts,2024-04,868.0,Actual
Automotive Parts,2024-05,1589.0,Actual
Automotive Parts,2024-06,734.0,Actual
Automotive Parts,2024-07,704.0,Actual
Automotive Parts,2024-08,852.0,Actual
Automotive Parts,2024-09,1169.0,Actual
Automotive Parts,2024-10,1307.0,Actual
Automotive Parts,2024-11,975.0,Actual
Automotive Parts,2024-12,1225.0,Actual
Automotive Parts,2025-01,635.0,Actual
Automotive Parts,2025-02,1007.0,Actual
Automotive Parts,2025-03,940.0,Actual
Automotive Parts,2025-04,1308.0,Actual
Automotive Parts,2025-05,1310.0,Actual
Automotive Parts,2025-06,1052.0,Actual
Automotive Parts,2025-07,1055.0,Actual
Automotive Parts,2025-08,724.0,Actual
Automotive Parts,2025-09,1202.0,Actual
Automotive Parts,2025-10,1287.0,Actual
Automotive Parts,2025-11,1260.0,Actual
Automotive Parts,2025-12,1021.0,Actual
Consumer Goods,2023-01,563.0,Actual
Consumer Goods,2023-02,569.0,Actual
Consumer Goods,2023-03,532.0,Actual
Consumer Goods,2023-04,681.0,Actual
Consumer Goods,2023-05,795.0,Actual
Consumer Goods,2023-06,600.0,Actual
Consumer Goods,2023-07,411.0,Actual
Consumer Goods,2023-08,667.0,Actual
Consumer Goods,2023-09,766.0,Actual
Consumer Goods,2023-10,765.0,Actual
Consumer Goods,2023-11,1002.0,Actual
Consumer Goods,2023-12,965.0,Actual
Consumer Goods,2024-01,427.0,Actual
Consumer Goods,2024-02,555.0,Actual
Consumer Goods,2024-03,575.0,Actual
Consumer Goods,2024-04,555.0,Actual
Consumer Goods,2024-05,1021.0,Actual
Consumer Goods,2024-06,641.0,Actual
Consumer Goods,2024-07,740.0,Actual
Consumer Goods,2024-08,434.0,Actual
Consumer Goods,2024-09,596.0,Actual
Consumer Goods,2024-10,798.0,Actual
Consumer Goods,2024-11,832.0,Actual
Consumer Goods,2024-12,856.0,Actual
Consumer Goods,2025-01,439.0,Actual
Consumer Goods,2025-02,431.0,Actual
Consumer Goods,2025-03,708.0,Actual
Consumer Goods,2025-04,541.0,Actual
Consumer Goods,2025-05,757.0,Actual
Consumer Goods,2025-06,539.0,Actual
Consumer Goods,2025-07,768.0,Actual
Consumer Goods,2025-08,661.0,Actual
Consumer Goods,2025-09,773.0,Actual
Consumer Goods,2025-10,871.0,Actual
Consumer Goods,2025-11,872.0,Actual
Consumer Goods,2025-12,1052.0,Actual
Electronics,2023-01,447.0,Actual
Electronics,2023-02,845.0,Actual
Electronics,2023-03,648.0,Actual
Electronics,2023-04,536.0,Actual
Electronics,2023-05,942.0,Actual
Electronics,2023-06,682.0,Actual
Electronics,2023-07,774.0,Actual
Electronics,2023-08,683.0,Actual
Electronics,2023-09,916.0,Actual
Electronics,2023-10,1327.0,Actual
Electronics,2023-11,1204.0,Actual
Electronics,2023-12,1282.0,Actual
Electronics,2024-01,478.0,Actual
Electronics,2024-02,493.0,Actual
Electronics,2024-03,922.0,Actual
Electronics,2024-04,593.0,Actual
Electronics,2024-05,1042.0,Actual
Electronics,2024-06,652.0,Actual
Electronics,2024-07,675.0,Actual
Electronics,2024-08,1205.0,Actual
Electronics,2024-09,654.0,Actual
Electronics,2024-10,1038.0,Actual
Electronics,2024-11,989.0,Actual
Electronics,2024-12,956.0,Actual
Electronics,2025-01,661.0,Actual
Electronics,2025-02,730.0,Actual
Electronics,2025-03,785.0,Actual
Electronics,2025-04,906.0,Actual
Electronics,2025-05,774.0,Actual
Electronics,2025-06,854.0,Actual
Electronics,2025-07,842.0,Actual
Electronics,2025-08,562.0,Actual
Electronics,2025-09,663.0,Actual
Electronics,2025-10,1118.0,Actual
Electronics,2025-11,801.0,Actual
Electronics,2025-12,1034.0,Actual
Industrial Equipment,2023-01,593.0,Actual
Industrial Equipment,2023-02,620.0,Actual
Industrial Equipment,2023-03,839.0,Actual
Industrial Equipment,2023-04,895.0,Actual
Industrial Equipment,2023-05,967.0,Actual
Industrial Equipment,2023-06,590.0,Actual
Industrial Equipment,2023-07,637.0,Actual
Industrial Equipment,2023-08,734.0,Actual
Industrial Equipment,2023-09,914.0,Actual
Industrial Equipment,2023-10,983.0,Actual
Industrial Equipment,2023-11,1286.0,Actual
Industrial Equipment,2023-12,921.0,Actual
Industrial Equipment,2024-01,593.0,Actual
Industrial Equipment,2024-02,741.0,Actual
Industrial Equipment,2024-03,1113.0,Actual
Industrial Equipment,2024-04,1128.0,Actual
Industrial Equipment,2024-05,889.0,Actual
Industrial Equipment,2024-06,601.0,Actual
Industrial Equipment,2024-07,690.0,Actual
Industrial Equipment,2024-08,1147.0,Actual
Industrial Equipment,2024-09,993.0,Actual
Industrial Equipment,2024-10,1061.0,Actual
Industrial Equipment,2024-11,1535.0,Actual
Industrial Equipment,2024-12,1668.0,Actual
Industrial Equipment,2025-01,608.0,Actual
Industrial Equipment,2025-02,683.0,Actual
Industrial Equipment,2025-03,982.0,Actual
Industrial Equipment,2025-04,686.0,Actual
Industrial Equipment,2025-05,820.0,Actual
Industrial Equipment,2025-06,868.0,Actual
Industrial Equipment,2025-07,834.0,Actual
Industrial Equipment,2025-08,725.0,Actual
Industrial Equipment,2025-09,1044.0,Actual
Industrial Equipment,2025-10,994.0,Actual
Industrial Equipment,2025-11,897.0,Actual
Industrial Equipment,2025-12,1107.0,Actual
Packaging Materials,2023-01,860.0,Actual
Packaging Materials,2023-02,690.0,Actual
Packaging Materials,2023-03,1058.0,Actual
Packaging Materials,2023-04,461.0,Actual
Packaging Materials,2023-05,1189.0,Actual
Packaging Materials,2023-06,801.0,Actual
Packaging Materials,2023-07,1127.0,Actual
Packaging Materials,2023-08,670.0,Actual
Packaging Materials,2023-09,888.0,Actual
Packaging Materials,2023-10,1017.0,Actual
Packaging Materials,2023-11,1740.0,Actual
Packaging Materials,2023-12,973.0,Actual
Packaging Materials,2024-01,885.0,Actual
Packaging Materials,2024-02,576.0,Actual
Packaging Materials,2024-03,979.0,Actual
Packaging Materials,2024-04,945.0,Actual
Packaging Materials,2024-05,1140.0,Actual
Packaging Materials,2024-06,900.0,Actual
Packaging Materials,2024-07,806.0,Actual
Packaging Materials,2024-08,1290.0,Actual
Packaging Materials,2024-09,958.0,Actual
Packaging Materials,2024-10,1338.0,Actual
Packaging Materials,2024-11,1376.0,Actual
Packaging Materials,2024-12,1023.0,Actual
Packaging Materials,2025-01,642.0,Actual
Packaging Materials,2025-02,682.0,Actual
Packaging Materials,2025-03,876.0,Actual
Packaging Materials,2025-04,1061.0,Actual
Packaging Materials,2025-05,1067.0,Actual
Packaging Materials,2025-06,632.0,Actual
Packaging Materials,2025-07,1050.0,Actual
Packaging Materials,2025-08,897.0,Actual
Packaging Materials,2025-09,924.0,Actual
Packaging Materials,2025-10,1262.0,Actual
Packaging Materials,2025-11,863.0,Actual
Packaging Materials,2025-12,894.0,Actual
Raw Materials,2023-01,146.0,Actual
Raw Materials,2023-02,86.0,Actual
Raw Materials,2023-03,193.0,Actual
Raw Materials,2023-04,168.0,Actual
Raw Materials,2023-05,318.0,Actual
Raw Materials,2023-06,254.0,Actual
Raw Materials,2023-07,120.0,Actual
Raw Materials,2023-08,41.0,Actual
Raw Materials,2023-09,130.0,Actual
Raw Materials,2023-10,293.0,Actual
Raw Materials,2023-11,257.0,Actual
Raw Materials,2023-12,292.0,Actual
Raw Materials,2024-01,183.0,Actual
Raw Materials,2024-02,267.0,Actual
Raw Materials,2024-03,263.0,Actual
Raw Materials,2024-04,282.0,Actual
Raw Materials,2024-05,257.0,Actual
Raw Materials,2024-06,110.0,Actual
Raw Materials,2024-07,178.0,Actual
Raw Materials,2024-08,171.0,Actual
Raw Materials,2024-09,259.0,Actual
Raw Materials,2024-10,243.0,Actual
Raw Materials,2024-11,245.0,Actual
Raw Materials,2024-12,213.0,Actual
Raw Materials,2025-01,151.0,Actual
Raw Materials,2025-02,241.0,Actual
Raw Materials,2025-03,275.0,Actual
Raw Materials,2025-04,170.0,Actual
Raw Materials,2025-05,72.0,Actual
Raw Materials,2025-06,124.0,Actual
Raw Materials,2025-07,121.0,Actual
Raw Materials,2025-08,40.0,Actual
Raw Materials,2025-09,147.0,Actual
Raw Materials,2025-10,227.0,Actual
Raw Materials,2025-11,135.0,Actual
Raw Materials,2025-12,203.0,Actual
Automotive Parts,2026-01,1005.0,Forecast
Automotive Parts,2026-02,806.0,Forecast
Automotive Parts,2026-03,908.0,Forecast
Consumer Goods,2026-01,444.0,Forecast
Consumer Goods,2026-02,468.0,Forecast
Consumer Goods,2026-03,510.0,Forecast
Electronics,2026-01,662.0,Forecast
Electronics,2026-02,791.0,Forecast
Electronics,2026-03,866.0,Forecast
Industrial Equipment,2026-01,759.0,Forecast
Industrial Equipment,2026-02,742.0,Forecast
Industrial Equipment,2026-03,868.0,Forecast
Packaging Materials,2026-01,1089.0,Forecast
Packaging Materials,2026-02,934.0,Forecast
Packaging Materials,2026-03,869.0,Forecast
Raw Materials,2026-01,144.0,Forecast
Raw Materials,2026-02,219.0,Forecast
Raw Materials,2026-03,194.0,Forecast
