country,product,date,price_wo_tax_forecast,price_with_tax_forecast,price_with_tax_lower80,price_with_tax_upper80
DE,euro95,2026-08-03,1036.8456926101603,2189.3692220219255,2160.589380303024,2218.149063740826
DE,euro95,2026-08-10,1036.8456926101603,2189.3692220219255,2148.5447339717794,2230.193710072071
DE,euro95,2026-08-17,1036.8456926101603,2189.3692220219255,2139.319263383101,2239.4191806607496
DE,euro95,2026-08-24,1036.8456926101603,2189.3692220219255,2131.547445026233,2247.1909990176173
DE,euro95,2026-08-31,1036.8456926101603,2189.3692220219255,2124.703021962458,2254.0354220813924
DE,euro95,2026-09-07,1034.3735312671115,2186.897060678876,2116.0445592034694,2257.7495621542835
DE,euro95,2026-09-14,1034.3735312671115,2186.897060678876,2110.356636715365,2263.437484642388
DE,euro95,2026-09-21,1034.3735312671115,2186.897060678876,2105.063106627361,2268.7310147303924
DE,euro95,2026-09-28,1034.3735312671115,2186.897060678876,2100.0917868131883,2273.7023345445646
DE,euro95,2026-10-05,1031.7144959452335,2184.238025356998,2092.73111247011,2275.744938243887
DE,euro95,2026-10-12,1031.7144959452335,2184.238025356998,2088.2595140053413,2280.2165367086554
DE,euro95,2026-10-19,1031.7144959452335,2184.238025356998,2083.987169118901,2284.4888815950953
DE,diesel,2026-08-03,1205.438400116102,2186.6636102001357,2152.674373211656,2220.6528471886154
DE,diesel,2026-08-10,1205.438400116102,2186.6636102001357,2137.660126740857,2235.6670936594146
DE,diesel,2026-08-17,1205.438400116102,2186.6636102001357,2126.269781448941,2247.0574389513304
DE,diesel,2026-08-24,1205.438400116102,2186.6636102001357,2116.7101420136805,2256.617078386591
DE,diesel,2026-08-31,1205.438400116102,2186.6636102001357,2108.3082602143295,2265.018960185942
DE,diesel,2026-09-07,1205.4412956061744,2186.666505690208,2100.726794080947,2272.6062172994693
DE,diesel,2026-09-14,1205.4412956061744,2186.666505690208,2093.759524297162,2279.573487083254
DE,diesel,2026-09-21,1205.4412956061744,2186.666505690208,2087.279482635623,2286.053528744793
DE,diesel,2026-09-28,1205.4412956061744,2186.666505690208,2081.1968251571875,2292.1361862232284
DE,diesel,2026-10-05,1205.5154786645285,2186.740688748562,2075.520516694109,2297.9608608030153
DE,diesel,2026-10-12,1205.5154786645285,2186.740688748562,2070.053072302313,2303.4283051948114
DE,diesel,2026-10-19,1205.5154786645285,2186.740688748562,2064.8305866569317,2308.6507908401927
DE,heating_oil,2026-08-03,861.8347872238533,1307.0289048709121,1266.635230693578,1347.4225790482462
DE,heating_oil,2026-08-10,856.9619296690141,1302.156047316073,1250.072971208555,1354.2391234235909
DE,heating_oil,2026-08-17,854.8114754394062,1300.005593086465,1240.1177067004862,1359.893479472444
DE,heating_oil,2026-08-24,853.8624525423493,1299.0565701894081,1232.9046404119313,1365.208499966885
DE,heating_oil,2026-08-31,853.4436366258151,1298.637754272874,1227.0157222879147,1370.259786257833
DE,heating_oil,2026-09-07,856.1105205727624,1301.3046382198213,1224.7031783825882,1377.9060980570544
DE,heating_oil,2026-09-14,856.0289532603651,1301.223070907424,1219.9886415635845,1382.4575002512636
DE,heating_oil,2026-09-21,855.9929565643877,1301.1870742114465,1215.587529911564,1386.786618511329
DE,heating_oil,2026-09-28,855.9770707630391,1301.171188410098,1211.4259392322513,1390.9164375879448
DE,heating_oil,2026-10-05,857.4387339847237,1302.6328516317826,1208.9282380266995,1396.3374652368657
DE,heating_oil,2026-10-12,857.4356401144335,1302.6297577614923,1205.1277459729747,1400.13176955001
DE,heating_oil,2026-10-19,857.4342747499883,1302.628392397047,1201.4719960729458,1403.7847887211485
DE,fuel_oil_1,2009-12-28,321.82966216962313,346.82966216962313,334.72632395519065,358.9330003840556
DE,fuel_oil_1,2010-01-04,319.54713099268736,344.54713099268736,325.8675009056613,363.2267610797134
DE,fuel_oil_1,2010-01-11,319.17337065685933,344.17337065685933,319.5360896981612,368.81065161555745
DE,fuel_oil_1,2010-01-18,318.85032928458463,343.85032928458463,313.54229387841445,374.1583646907548
DE,fuel_oil_1,2010-01-25,318.5711243551212,343.5711243551212,307.7874664845417,379.35478222570066
DE,fuel_oil_1,2010-02-01,317.17774642219933,342.17774642219933,301.08175930451864,383.27373353988
DE,fuel_oil_1,2010-02-08,316.969175888721,341.969175888721,295.71163734397214,388.22671443346985
DE,fuel_oil_1,2010-02-15,316.788908201403,341.788908201403,290.51475928426987,393.0630571185361
DE,fuel_oil_1,2010-02-22,316.6331026878003,341.6331026878003,285.48357947883903,397.7826258967616
DE,fuel_oil_1,2010-03-01,316.3531006474903,341.3531006474903,280.4661493092676,402.24005198571297
DE,fuel_oil_1,2010-03-08,316.2367114449307,341.2367114449307,275.7467844386312,406.72663845123014
DE,fuel_oil_1,2010-03-15,316.1361161593728,341.1361161593728,271.1737969035411,411.09843541520456
DE,lpg,2026-08-03,597.2041825323159,1092.6768716079462,1079.6854883636368,1105.6682548522556
DE,lpg,2026-08-10,596.6553194957345,1092.1280085713647,1073.2601073083842,1110.9959098343452
DE,lpg,2026-08-17,596.2275300579374,1091.7002191335678,1068.0727084661353,1115.327729801
DE,lpg,2026-08-24,595.8941066154871,1091.3667956911172,1063.5702859155838,1119.1633054666509
DE,lpg,2026-08-31,595.6342329903973,1091.1069220660274,1059.5359251748253,1122.6779189572298
DE,lpg,2026-09-07,596.1752262342148,1091.647915309845,1056.59773782193,1126.6980927977602
DE,lpg,2026-09-14,596.0173581452665,1091.4900472208967,1053.1964723762121,1129.7836220655813
DE,lpg,2026-09-21,595.8943141497408,1091.367003225371,1050.0258998420322,1132.7081066087098
DE,lpg,2026-09-28,595.7984124071165,1091.2711014827469,1047.0494441625654,1135.4927588029282
DE,lpg,2026-10-05,596.3804424100102,1091.8531314856405,1044.8958220238183,1138.8104409474627
DE,lpg,2026-10-12,596.322183997562,1091.7948730731923,1042.2292931481702,1141.360452998214
DE,lpg,2026-10-19,596.2767767978653,1091.7494658734954,1039.6887010770338,1143.8102306699575
FR,euro95,2026-08-03,1031.7324175935694,2064.789084260236,2041.8064102521616,2087.7717582683104
FR,euro95,2026-08-10,1036.2904024826942,2069.347069149361,2033.3603194103698,2105.3338188883517
FR,euro95,2026-08-17,1038.3089847434899,2071.3656514101567,2024.656489909427,2118.074812910886
FR,euro95,2026-08-24,1039.202948730365,2072.2596153970317,2016.364128865058,2128.1551019290055
FR,euro95,2026-08-31,1039.598856108207,2072.6555227748736,2008.6856175883258,2136.6254279614213
FR,euro95,2026-09-07,1037.527996929163,2070.5846635958296,1999.3716284986285,2141.7976986930307
FR,euro95,2026-09-14,1037.6056468000027,2070.6623134666693,1992.845405182894,2148.4792217504446
FR,euro95,2026-09-21,1037.6400353852312,2070.696702051898,1986.7808121460685,2154.612591957727
FR,euro95,2026-09-28,1037.6552649636094,2070.711931630276,1981.105734456109,2160.3181288044425
FR,euro95,2026-10-05,1036.4143928717622,2069.4710595384286,1974.5126341345604,2164.429484942297
FR,euro95,2026-10-12,1036.4173798703891,2069.474046537056,1969.4484071202735,2169.499685953838
FR,euro95,2026-10-19,1036.4187027142748,2069.4753693809416,1964.6267144077788,2174.324024354104
FR,diesel,2026-08-03,1213.728523197952,2182.636856531285,2154.134427992364,2211.1392850702064
FR,diesel,2026-08-10,1218.368079230416,2187.276412563749,2144.065466532806,2230.487358594692
FR,diesel,2026-08-17,1219.8408437344622,2188.7491770677952,2133.9263594927206,2243.5719946428703
FR,diesel,2026-08-24,1220.308352967932,2189.2166863012653,2124.632732477084,2253.800640125446
FR,diesel,2026-08-31,1220.4567574703349,2189.365090803668,2116.253319174731,2262.4768624326052
FR,diesel,2026-09-07,1221.245368343395,2190.1537016767284,2109.39267687038,2270.9147264830763
FR,diesel,2026-09-14,1221.2603224628574,2190.1686557961907,2102.4176761756007,2277.9196354167807
FR,diesel,2026-09-21,1221.2650694464437,2190.173402779777,2095.9481146785147,2284.398690881039
FR,diesel,2026-09-28,1221.2665763123762,2190.1749096457092,2089.8919896376974,2290.4578296537215
FR,diesel,2026-10-05,1222.980214314414,2191.888547647747,2085.8934944173175,2297.8836008781773
FR,diesel,2026-10-12,1222.9803661551791,2191.8886994885124,2080.473945057568,2303.3034539194564
FR,diesel,2026-10-19,1222.9804143549825,2191.8887476883156,2075.305959354377,2308.471536022254
FR,heating_oil,2026-08-03,1266.577992582602,1712.4313259159353,1685.385633974456,1739.4770178574147
FR,heating_oil,2026-08-10,1271.8184594301267,1717.67179276346,1673.9781345244044,1761.3654510025156
FR,heating_oil,2026-08-17,1273.2340756416597,1719.087408974993,1662.2941415433334,1775.8806764066526
FR,heating_oil,2026-08-24,1273.6164784535965,1719.4698117869298,1651.7896930188585,1787.149930555001
FR,heating_oil,2026-08-31,1273.719777574775,1719.5731109081082,1642.4608871165376,1796.6853346996788
FR,heating_oil,2026-09-07,1274.9755974277664,1720.8289307610996,1635.302005875618,1806.3558556465812
FR,heating_oil,2026-09-14,1274.9831352818467,1720.83646861518,1627.6474742591874,1814.0254629711724
FR,heating_oil,2026-09-21,1274.985171495174,1720.8385048285072,1620.5702069064046,1821.1068027506099
FR,heating_oil,2026-09-28,1274.985721540939,1720.8390548742723,1613.9590709792683,1827.7190387692763
FR,heating_oil,2026-10-05,1275.8010300543149,1721.6543633876481,1608.5484590034828,1834.7602677718135
FR,heating_oil,2026-10-12,1275.8010701917785,1721.6544035251118,1602.6478306900876,1840.660976360136
FR,heating_oil,2026-10-19,1275.8010810341798,1721.654414367513,1597.0262303044465,1846.2825984305796
FR,fuel_oil_1,2025-01-06,573.4785311912791,712.9785311912791,693.7018367636931,732.2552256188651
FR,fuel_oil_1,2025-01-13,573.4785311912791,712.9785311912791,686.4389483831119,739.5181139994463
FR,fuel_oil_1,2025-01-20,573.4785311912791,712.9785311912791,680.7743705406955,745.1826918418627
FR,fuel_oil_1,2025-01-27,573.4785311912791,712.9785311912791,675.9668239787546,749.9902384038036
FR,fuel_oil_1,2025-02-03,572.189497992152,711.689497992152,670.4266214762973,752.9523745080068
FR,fuel_oil_1,2025-02-10,572.189497992152,711.689497992152,666.5742734450027,756.8047225393013
FR,fuel_oil_1,2025-02-17,572.189497992152,711.689497992152,663.0259387972396,760.3530571870645
FR,fuel_oil_1,2025-02-24,572.189497992152,711.689497992152,659.7193094116419,763.6596865726622
FR,fuel_oil_1,2025-03-03,570.9729394421614,710.4729394421614,655.3942774334414,765.5516014508814
FR,fuel_oil_1,2025-03-10,570.9729394421614,710.4729394421614,652.4521025277576,768.4937763565653
FR,fuel_oil_1,2025-03-17,570.9729394421614,710.4729394421614,649.6520875587416,771.2937913255812
FR,fuel_oil_1,2025-03-24,570.9729394421614,710.4729394421614,646.9754234954574,773.9704553888654
FR,fuel_oil_2,2009-12-28,343.1059046572107,361.6059046572107,344.5187751031759,378.6930342112455
FR,fuel_oil_2,2010-01-04,340.282802446069,358.782802446069,335.5832531517709,381.9823517403671
FR,fuel_oil_2,2010-01-11,340.282802446069,358.782802446069,330.7744433630959,386.79116152904214
FR,fuel_oil_2,2010-01-18,340.282802446069,358.782802446069,326.6780166722476,390.8875882198904
FR,fuel_oil_2,2010-01-25,340.282802446069,358.782802446069,323.04813635493053,394.5174685372075
FR,fuel_oil_2,2010-02-01,338.1464181065645,356.6464181065645,317.61802521488426,395.67481099824477
FR,fuel_oil_2,2010-02-08,338.1464181065645,356.6464181065645,314.5814143294393,398.7114218836897
FR,fuel_oil_2,2010-02-15,338.1464181065645,356.6464181065645,311.7497185192702,401.54311769385885
FR,fuel_oil_2,2010-02-22,338.1464181065645,356.6464181065645,309.0863221763211,404.2065140368079
FR,fuel_oil_2,2010-03-01,337.2691940971898,355.7691940971898,305.6871432610255,405.85124493335417
FR,fuel_oil_2,2010-03-08,337.2691940971898,355.7691940971898,303.286235843883,408.25215235049666
FR,fuel_oil_2,2010-03-15,337.2691940971898,355.7691940971898,300.99045736403264,410.547930830347
FR,lpg,2026-08-03,723.9114234415877,1007.294756774921,997.6119498528105,1016.9775636970314
FR,lpg,2026-08-10,723.0857979033609,1006.4691312366942,992.6026782618738,1020.3355842115146
FR,lpg,2026-08-17,723.8643300572072,1007.2476633905405,990.3271466505824,1024.1681801304985
FR,lpg,2026-08-24,723.1302050979982,1006.5135384313315,986.9031749017342,1026.1239019609288
FR,lpg,2026-08-31,723.822455833014,1007.2057891663474,985.3235841124945,1029.0879942202002
FR,lpg,2026-09-07,722.1304380767069,1005.5137714100402,981.4957969822037,1029.5317458378768
FR,lpg,2026-09-14,722.7459695968406,1006.1293029301739,980.2190625555107,1032.039543304837
FR,lpg,2026-09-21,722.1655477736989,1005.5488811070322,977.8149988046038,1033.2827634094606
FR,lpg,2026-09-28,722.7128625443642,1006.0961958776975,976.7051221766886,1035.4872695787062
FR,lpg,2026-10-05,721.8775386635833,1005.2608719969166,974.2531116061399,1036.2686323876933
FR,lpg,2026-10-12,722.3641968579896,1005.7475301913229,973.246501430627,1038.2485589520188
FR,lpg,2026-10-19,721.9052974723288,1005.2886308056621,971.3209776900219,1039.2562839213024
IT,euro95,2026-08-03,948.8765269957504,1975.3670187990292,1956.0417522564057,1994.6922853416522
IT,euro95,2026-08-10,958.6081701088237,1985.0986619121024,1953.6007195481561,2016.5966042760488
IT,euro95,2026-08-17,964.5000448490547,1990.9905366523335,1948.6923915344187,2033.288681770248
IT,euro95,2026-08-24,968.0671904534735,1994.5576822567523,1942.5471585214887,2046.5682059920157
IT,euro95,2026-08-31,970.2268642965439,1996.7173560998226,1935.913648477776,2057.5210637218693
IT,euro95,2026-09-07,971.4597037406987,1997.9501955439773,1929.12727473363,2066.773116354325
IT,euro95,2026-09-14,972.2513348112974,1998.741826614576,1922.5486474068985,2074.9350058222535
IT,euro95,2026-09-21,972.7306157563802,1999.2211075596588,1916.2021614572914,2082.240053662026
IT,euro95,2026-09-28,973.0207890869264,1999.511280890205,1910.1254679911976,2088.8970937892127
IT,euro95,2026-10-05,974.5938738849319,2001.0843656882107,1905.7211250424834,2096.447606333938
IT,euro95,2026-10-12,974.700237271726,2001.1907290750046,1900.1832776533606,2102.198180496649
IT,euro95,2026-10-19,974.7646333603059,2001.2551251635846,1894.8910880673338,2107.6191622598353
IT,diesel,2026-08-03,1122.3632113607875,2181.278457262427,2159.8364964984366,2202.720418026417
IT,diesel,2026-08-10,1146.275226541924,2205.1904724435635,2167.8413754896956,2242.5395693974306
IT,diesel,2026-08-17,1160.2801313942587,2219.1953772958977,2167.3670255160005,2271.023729075795
IT,diesel,2026-08-24,1168.482591891092,2227.3978377927315,2162.4938493562786,2292.301826229184
IT,diesel,2026-08-31,1173.2866486777323,2232.2018945793716,2155.48348281415,2308.920306344593
IT,diesel,2026-09-07,1176.4685653015592,2235.3838112031985,2147.930778321777,2322.83684408462
IT,diesel,2026-09-14,1178.1164852162324,2237.0317311178715,2139.75055091152,2334.312911324224
IT,diesel,2026-09-21,1179.0816469324006,2237.99689283404,2131.644671871187,2344.349113796893
IT,diesel,2026-09-28,1179.6469275204088,2238.562173422048,2123.772891288726,2353.35145555537
IT,diesel,2026-10-05,1180.7948241971847,2239.710070098824,2117.018134657009,2362.402005540639
IT,diesel,2026-10-12,1180.9887305516947,2239.903976453334,2109.7637854528903,2370.044167453778
IT,diesel,2026-10-19,1181.1022985644533,2240.0175444660927,2102.81916020028,2377.2159287319055
IT,heating_oil,2026-08-03,1163.5562669838612,1905.9269227215661,1883.7700398728982,1928.083805570234
IT,heating_oil,2026-08-10,1174.2955011467911,1916.666156884496,1881.0103754111906,1952.3219383578016
IT,heating_oil,2026-08-17,1179.1429834610776,1921.5136391987826,1874.5638159733026,1968.4634624242626
IT,heating_oil,2026-08-24,1181.331043096506,1923.701698834211,1867.0399836696986,1980.3634139987232
IT,heating_oil,2026-08-31,1182.3186908397645,1924.6893465774695,1859.4910776849943,1989.8876154699446
IT,heating_oil,2026-09-07,1184.9965979900385,1927.3672537277434,1854.520766797055,2000.2137406584318
IT,heating_oil,2026-09-14,1185.1978257618014,1927.5684814995063,1847.7596120940132,2007.3773509049995
IT,heating_oil,2026-09-21,1185.2886560807947,1927.6593118184996,1841.4300250877416,2013.8885985492577
IT,heating_oil,2026-09-28,1185.3296551276765,1927.7003108653814,1835.4887861671136,2019.9118355636492
IT,heating_oil,2026-10-05,1187.8793221042818,1930.2499778419867,1832.418022392503,2028.0819332914705
IT,heating_oil,2026-10-12,1187.8876754335986,1930.2583311713036,1827.1103231404225,2033.4063392021847
IT,heating_oil,2026-10-19,1187.8914459646733,1930.2621017023782,1822.0582928113722,2038.4659105933843
IT,fuel_oil_1,2026-08-03,668.8481563647168,700.2381563647168,681.6022616352554,718.8740510941782
IT,fuel_oil_1,2026-08-10,668.8481563647168,700.2381563647168,673.1908787848744,727.2854339445593
IT,fuel_oil_1,2026-08-17,668.8481563647168,700.2381563647168,666.8343560331,733.6419566963336
IT,fuel_oil_1,2026-08-24,668.8481563647168,700.2381563647168,661.507386572367,738.9689261570667
IT,fuel_oil_1,2026-08-31,668.8481563647168,700.2381563647168,656.8292727022512,743.6470400271825
IT,fuel_oil_1,2026-09-07,669.9980298712852,701.3880298712852,653.7583140109638,749.0177457316066
IT,fuel_oil_1,2026-09-14,669.9980298712852,701.3880298712852,649.8822196645868,752.8938400779836
IT,fuel_oil_1,2026-09-21,669.9980298712852,701.3880298712852,646.2780748979602,756.4979848446102
IT,fuel_oil_1,2026-09-28,669.9980298712852,701.3880298712852,642.8955877161196,759.8804720264508
IT,fuel_oil_1,2026-10-05,671.2148018484297,702.6048018484297,640.9150584433153,764.2945452535441
IT,fuel_oil_1,2026-10-12,671.2148018484297,702.6048018484297,637.8754955528858,767.3341081439736
IT,fuel_oil_1,2026-10-19,671.2148018484297,702.6048018484297,634.9724002526278,770.2372034442316
IT,lpg,2026-08-03,470.87682265106247,754.7776423231936,747.401223115788,762.1540615305993
IT,lpg,2026-08-10,469.3861566750178,753.286976347149,741.1843743055892,765.3895783887087
IT,lpg,2026-08-17,468.31177247950944,752.2125921516406,735.7270265378245,768.6981577654567
IT,lpg,2026-08-24,467.53741966130065,751.4382393334317,730.8420625649937,772.0344161018699
IT,lpg,2026-08-31,466.97931177999084,750.880131452122,726.4295640355199,775.3306988687241
IT,lpg,2026-09-07,466.2161500073472,750.1169696794784,722.0528881692296,778.1810511897272
IT,lpg,2026-09-14,465.9262309928249,749.827050664956,718.3718687220801,781.2822326078322
IT,lpg,2026-09-21,465.71727445112765,749.6180941232587,714.9742356735048,784.2619525730128
IT,lpg,2026-09-28,465.5666708889914,749.4674905611225,711.8174779088392,787.1175032134058
IT,lpg,2026-10-05,465.6671264348048,749.567946106936,709.0754906673619,790.0604015465099
IT,lpg,2026-10-12,465.5888927495617,749.4897124216928,706.3013064097457,792.67811843364
IT,lpg,2026-10-19,465.53250651929125,749.4333261914223,703.6800122837419,795.186640099103
ES,euro95,2026-08-03,1061.389114956536,1669.4893424606682,1652.6859063854947,1686.2927785358418
ES,euro95,2026-08-10,1076.176551721397,1684.276779225529,1654.3963028157696,1714.1572556352885
ES,euro95,2026-08-17,1084.6089275713773,1692.7091550755094,1650.9193019364188,1734.4990082146
ES,euro95,2026-08-24,1089.4173986814144,1697.5176261855465,1645.012990997207,1750.022261373886
ES,euro95,2026-08-31,1092.1593773155992,1700.2596048197313,1638.111325930178,1762.4078837092845
ES,euro95,2026-09-07,1093.5453570919747,1701.6455845961068,1630.7628417090432,1772.5283274831702
ES,euro95,2026-09-14,1094.4369737566117,1702.5372012607438,1623.6763231558916,1781.3980793655962
ES,euro95,2026-09-21,1094.945408514432,1703.0456360185642,1616.8332547424443,1789.258017294684
ES,euro95,2026-09-28,1095.2353379350145,1703.3355654391466,1610.2929240576289,1796.3782068206644
ES,euro95,2026-10-05,1096.0422446327352,1704.1424721368674,1604.7066431335302,1803.5783011402048
ES,euro95,2026-10-12,1096.136521772512,1704.236749276644,1598.777879147646,1809.6956194056422
ES,euro95,2026-10-19,1096.1902822916134,1704.2905097957455,1593.1253965775734,1815.4556230139176
ES,diesel,2026-08-03,1239.5761538864997,1767.4821203906322,1748.3968575112463,1786.5673832700181
ES,diesel,2026-08-10,1261.3837987682025,1789.289765272335,1753.6122213642557,1824.9673091804143
ES,diesel,2026-08-17,1272.0354359511362,1799.9414024552686,1749.5793929480121,1850.3034119625252
ES,diesel,2026-08-24,1277.2380782030764,1805.1440447072089,1741.9436793906923,1868.3444100237255
ES,diesel,2026-08-31,1279.7792355798074,1807.6852020839399,1733.1714066898046,1882.1989974780752
ES,diesel,2026-09-07,1281.5676927470975,1809.47365925123,1724.8544657313976,1894.0928527710623
ES,diesel,2026-09-14,1282.1739357783247,1810.0799022824572,1716.3075167242241,1903.8522878406902
ES,diesel,2026-09-21,1282.4700466535862,1810.3760131577187,1708.2081598235218,1912.5438664919157
ES,diesel,2026-09-28,1282.6146778426173,1810.5206443467498,1700.5695879316208,1920.4717007618788
ES,diesel,2026-10-05,1283.0667161122315,1810.972682616364,1693.741664089095,1928.203701143633
ES,diesel,2026-10-12,1283.1012207246774,1811.00718722881,1686.9168490451696,1935.0975254124503
ES,diesel,2026-10-19,1283.1180740169475,1811.02404052108,1680.4315145795545,1941.6165664626055
ES,heating_oil,2026-08-03,1035.2203515881638,1296.409649108825,1272.0924042490285,1320.7268939686217
ES,heating_oil,2026-08-10,1044.6671731366973,1305.8564706573586,1266.1158242149145,1345.5971170998027
ES,heating_oil,2026-08-17,1048.7343559053631,1309.9236534260244,1257.299842025919,1362.54746482613
ES,heating_oil,2026-08-24,1050.4854184811454,1311.6747160018067,1248.0198618048398,1375.3295701987734
ES,heating_oil,2026-08-31,1051.2393113644277,1312.428608885089,1239.11006118326,1385.747156586918
ES,heating_oil,2026-09-07,1051.2068963588308,1312.396193879492,1230.4381172225167,1394.3542705364675
ES,heating_oil,2026-09-14,1051.346637922412,1312.5359354430732,1222.7229955449802,1402.348875341166
ES,heating_oil,2026-09-21,1051.4068014892312,1312.5960990098924,1215.5449116102725,1409.6472864095122
ES,heating_oil,2026-09-28,1051.432703981515,1312.6220015021763,1208.8292409861328,1416.4147620182198
ES,heating_oil,2026-10-05,1051.2329556267694,1312.4222531474306,1202.2970539390224,1422.547452355839
ES,heating_oil,2026-10-12,1051.2377569120085,1312.4270544326698,1196.3131101020765,1428.5409987632631
ES,heating_oil,2026-10-19,1051.239824031038,1312.4291215516994,1190.6200444983047,1434.238198605094
ES,fuel_oil_1,2026-08-03,638.4986889341614,653.9986889341614,631.179219684728,676.8181581835947
ES,fuel_oil_1,2026-08-10,638.4986889341614,653.9986889341614,625.5719208036282,682.4254570646945
ES,fuel_oil_1,2026-08-17,638.4986889341614,653.9986889341614,620.9013459007946,687.0960319675281
ES,fuel_oil_1,2026-08-24,638.4986889341614,653.9986889341614,616.8128437052358,691.1845341630869
ES,fuel_oil_1,2026-08-31,638.4986889341614,653.9986889341614,613.1313418840913,694.8660359842314
ES,fuel_oil_1,2026-09-07,638.2047205597139,653.7047205597139,609.4611557798261,697.9482853396017
ES,fuel_oil_1,2026-09-14,638.2047205597139,653.7047205597139,606.3249147986791,701.0845263207488
ES,fuel_oil_1,2026-09-21,638.2047205597139,653.7047205597139,603.3837610748765,704.0256800445513
ES,fuel_oil_1,2026-09-28,638.2047205597139,653.7047205597139,600.6052673328123,706.8041737866155
ES,fuel_oil_1,2026-10-05,637.6070897133627,653.1070897133627,597.367472720445,708.8467067062804
ES,fuel_oil_1,2026-10-12,637.6070897133627,653.1070897133627,594.8468299127197,711.3673495140057
ES,fuel_oil_1,2026-10-19,637.6070897133627,653.1070897133627,592.4308106451825,713.7833687815429
ES,lpg,2026-08-03,833.2382825098834,1050.0325845594703,1041.3812287555102,1058.6839403634303
ES,lpg,2026-08-10,831.2401790413056,1048.0344810908923,1034.7519079090703,1061.3170542727144
ES,lpg,2026-08-17,829.6560150196759,1046.4503170692628,1029.0692981076302,1063.8313360308953
ES,lpg,2026-08-24,828.4000361943089,1045.1943382438958,1024.0119294566844,1066.376747031107
ES,lpg,2026-08-31,827.4042536943708,1044.1985557439575,1019.4393020675226,1068.9578094203926
ES,lpg,2026-09-07,826.7582748259625,1043.5525768755492,1015.4078738808845,1071.697279870214
ES,lpg,2026-09-14,826.1323404065186,1042.9266424561054,1011.5674944276836,1074.285790484527
ES,lpg,2026-09-21,825.636078424706,1042.4303804742929,1008.01236808872,1076.8483928598657
ES,lpg,2026-09-28,825.2426251380003,1042.036927187587,1004.7025502485304,1079.3713041266437
ES,lpg,2026-10-05,824.7462495526865,1041.5405516022734,1001.4206241140973,1081.6604790904494
ES,lpg,2026-10-12,824.498930530101,1041.2932325796878,998.5079209140129,1084.0785442453628
ES,lpg,2026-10-19,824.3028476427,1041.0971496922868,995.7568662350174,1086.4374331495565
NL,euro95,2026-08-03,1133.5374096247858,2395.473442682637,2372.315521962877,2418.631363402397
NL,euro95,2026-08-10,1138.150897046936,2400.086930104787,2364.2777537643965,2435.896106445178
NL,euro95,2026-08-17,1140.397558847998,2402.333591905849,2356.041739144091,2448.625444667607
NL,euro95,2026-08-24,1141.4916312462701,2403.427664304121,2348.0890556040567,2458.7662730041857
NL,euro95,2026-08-31,1142.02441923069,2403.960452288541,2340.6270578074054,2467.2938467696767
NL,euro95,2026-09-07,1142.2350908198255,2404.1711238776766,2333.6422185120427,2474.7000292433104
NL,euro95,2026-09-14,1142.3614396259557,2404.2974726838065,2327.1961712838365,2481.3987740837774
NL,euro95,2026-09-21,1142.4229685758298,2404.359001633681,2321.1823801775477,2487.535623089814
NL,euro95,2026-09-28,1142.4529317530735,2404.3889648109243,2315.5420458681238,2493.235883753725
NL,euro95,2026-10-05,1141.4433138417787,2403.37934689963,2309.198559458725,2497.5601343405347
NL,euro95,2026-10-12,1141.4504195044124,2403.3864525622635,2304.1560821767325,2502.6168229477944
NL,euro95,2026-10-19,1141.4538797979712,2403.3899128558223,2299.3538282754453,2507.4259974361994
NL,diesel,2026-08-03,1443.3614376420173,2416.6286277246622,2387.8784167816443,2445.3788386676797
NL,diesel,2026-08-10,1454.108242391614,2427.375432474259,2381.890625845166,2472.8602391033514
NL,diesel,2026-08-17,1459.04662363882,2432.3138137214646,2372.8958618845263,2491.7317655584034
NL,diesel,2026-08-24,1461.3159129681592,2434.583103050804,2363.176645292416,2505.989560809192
NL,diesel,2026-08-31,1462.3586988128461,2435.625888895491,2353.664962034258,2517.586815756724
NL,diesel,2026-09-07,1463.1170918573093,2436.3842819399542,2344.9529121700675,2527.815651709841
NL,diesel,2026-09-14,1463.3372859378078,2436.6044760204527,2336.5414862384528,2536.6674658024526
NL,diesel,2026-09-21,1463.438469716914,2436.705659799559,2328.6756392651905,2544.735680333927
NL,diesel,2026-09-28,1463.4849657768034,2436.752155859448,2321.2936861308303,2552.2106255880663
NL,diesel,2026-10-05,1463.4782896379825,2436.7454797206274,2314.3041316291847,2559.1868278120696
NL,diesel,2026-10-12,1463.488107720196,2436.7552978028407,2307.7064969015664,2565.804098704115
NL,diesel,2026-10-19,1463.49261933404,2436.7598094166847,2301.4249482535115,2572.0946705798583
NL,heating_oil,2023-03-06,1900.2909941098492,1900.2909941098492,1856.6797639469728,1943.9022242727256
NL,heating_oil,2023-03-13,1899.3760505149698,1899.3760505149698,1839.7347444095326,1959.017356620407
NL,heating_oil,2023-03-20,1898.9582128549139,1898.9582128549139,1827.507336888505,1970.4090888213227
NL,heating_oil,2023-03-27,1898.7673941955582,1898.7673941955582,1817.4919821522615,1980.0428062388548
NL,heating_oil,2023-04-03,1899.7275209581699,1899.7275209581699,1809.8129381764613,1989.6421037398784
NL,heating_oil,2023-04-10,1899.68772423085,1899.68772423085,1801.9442165125456,1997.4312319491546
NL,heating_oil,2023-04-17,1899.6695498083893,1899.6695498083893,1794.700508944622,2004.6385906721566
NL,heating_oil,2023-04-24,1899.6612498889228,1899.6612498889228,1787.9420770728693,2011.3804227049764
NL,heating_oil,2023-05-01,1901.1769285733112,1901.1769285733112,1783.0967862580414,2019.257070888581
NL,heating_oil,2023-05-08,1901.1751975600398,1901.1751975600398,1777.0613670503585,2025.289028069721
NL,heating_oil,2023-05-15,1901.1744070385926,1901.1744070385926,1771.3076582336892,2031.041155843496
NL,heating_oil,2023-05-22,1901.1740460222047,1901.1740460222047,1765.7989609743693,2036.5491310700402
NL,fuel_oil_1,2023-03-06,743.4124843417737,743.4124843417737,721.0974985423303,765.7274701412172
NL,fuel_oil_1,2023-03-13,743.4124843417737,743.4124843417737,711.9956286726698,774.8293400108777
NL,fuel_oil_1,2023-03-20,743.4124843417737,743.4124843417737,704.9927101488238,781.8322585347237
NL,fuel_oil_1,2023-03-27,743.4124843417737,743.4124843417737,699.0825928695266,787.7423758140209
NL,fuel_oil_1,2023-04-03,741.3508635765661,741.3508635765661,691.8109856311657,790.8907415219664
NL,fuel_oil_1,2023-04-10,741.3508635765661,741.3508635765661,687.0990457660162,795.602681387116
NL,fuel_oil_1,2023-04-17,741.3508635765661,741.3508635765661,682.7648587234183,799.9368684297139
NL,fuel_oil_1,2023-04-24,741.3508635765661,741.3508635765661,678.7299390101163,803.9717881430159
NL,fuel_oil_1,2023-05-01,739.3675473198132,739.3675473198132,672.9564004959482,805.7786941436782
NL,fuel_oil_1,2023-05-08,739.3675473198132,739.3675473198132,669.3711141866535,809.3639804529729
NL,fuel_oil_1,2023-05-15,739.3675473198132,739.3675473198132,665.960729650956,812.7743649886704
NL,fuel_oil_1,2023-05-22,739.3675473198132,739.3675473198132,662.7019024117267,816.0331922278997
NL,lpg,2026-08-03,564.1225601776127,929.981981665216,913.5810841316749,946.3828791987572
NL,lpg,2026-08-10,562.8731917772427,928.732613264846,904.4511999477883,953.0140265819037
NL,lpg,2026-08-17,561.9284279051187,927.787849392722,896.9298564294324,958.6458423560116
NL,lpg,2026-08-24,561.2140039019137,927.073425389517,890.3535858339391,963.7932649450948
NL,lpg,2026-08-31,560.6737613382259,926.5331828258292,884.4523754352994,968.613990216359
NL,lpg,2026-09-07,560.6075789806713,926.4670004682746,879.4169776175099,973.5170233190393
NL,lpg,2026-09-14,560.2986530826437,926.158074570247,874.462717531183,977.853431609311
NL,lpg,2026-09-21,560.0650454233388,925.9244669109421,869.859834197645,981.9890996242392
NL,lpg,2026-09-28,559.8883929029955,925.7478143905988,865.5535274064312,985.9421013747665
NL,lpg,2026-10-05,559.6036059028113,925.4630273904146,861.3495662957687,989.5764884850606
NL,lpg,2026-10-12,559.502591021434,925.3620125090373,857.5158357855577,993.2081892325169
NL,lpg,2026-10-19,559.4262042563741,925.2856257439774,853.8730038861268,996.6982476018281
BE,euro95,2026-08-03,944.922786591482,1872.8168584923083,1836.3996263413285,1909.2340906432883
BE,euro95,2026-08-10,940.8298693611043,1868.7239412619306,1822.4265337836632,1915.0213487401984
BE,euro95,2026-08-17,939.5469543041805,1867.441026205007,1814.2772535362806,1920.6047988737332
BE,euro95,2026-08-24,939.1448276667137,1867.03889956754,1808.1346736021378,1925.9431255329423
BE,euro95,2026-08-31,939.0187820398519,1866.9128539406784,1802.8749342944675,1930.9507735868892
BE,euro95,2026-09-07,932.3111669754214,1860.2052388762477,1791.443254036325,1928.9672237161708
BE,euro95,2026-09-14,932.2987830689693,1860.1928549697957,1787.0192275308268,1933.3664824087646
BE,euro95,2026-09-21,932.2949013632917,1860.188973264118,1782.8573667796582,1937.5205797485778
BE,euro95,2026-09-28,932.2936846519877,1860.187756552814,1778.911323801533,1941.4641893040953
BE,euro95,2026-10-05,923.2492056128951,1851.1432775137214,1766.105032109267,1936.1815229181761
BE,euro95,2026-10-12,923.2490860717469,1851.1431579725731,1762.5026683418173,1939.7836476033292
BE,euro95,2026-10-19,923.2490486018617,1851.143120502688,1759.0411876423195,1943.2450533630567
BE,diesel,2026-08-03,1167.1516719823935,2138.8644868584265,2101.31015285561,2176.418820861243
BE,diesel,2026-08-10,1167.1516719823935,2138.8644868584265,2087.088421906009,2190.640551810844
BE,diesel,2026-08-17,1167.1516719823935,2138.8644868584265,2076.005964751088,2201.723008965765
BE,diesel,2026-08-24,1167.1516719823935,2138.8644868584265,2066.603662748259,2211.125310968594
BE,diesel,2026-08-31,1167.1516719823935,2138.8644868584265,2058.2911686901743,2219.4378050266787
BE,diesel,2026-09-07,1166.3126911388395,2138.0255060148725,2049.92049764302,2226.130514386725
BE,diesel,2026-09-14,1166.3126911388395,2138.0255060148725,2042.9838025381039,2233.067209491641
BE,diesel,2026-09-21,1166.3126911388395,2138.0255060148725,2036.5200465590983,2239.5309654706466
BE,diesel,2026-09-28,1166.3126911388395,2138.0255060148725,2030.4439499799757,2245.6070620497694
BE,diesel,2026-10-05,1163.2338237758993,2134.9466386519325,2021.6142774374432,2248.278999866421
BE,diesel,2026-10-12,1163.2338237758993,2134.9466386519325,2016.1415167168352,2253.7517605870294
BE,diesel,2026-10-19,1163.2338237758993,2134.9466386519325,2010.90999125458,2258.9832860492843
BE,heating_oil,2026-08-03,1092.2074546518304,1346.1564166353014,1309.933538579001,1382.379294691602
BE,heating_oil,2026-08-10,1078.55609801836,1332.505060001831,1283.630627087171,1381.379492916491
BE,heating_oil,2026-08-17,1068.9405354126295,1322.8894973961005,1265.3271387765944,1380.4518560156068
BE,heating_oil,2026-08-24,1062.167652196171,1316.116614179642,1251.788718864127,1380.444509495157
BE,heating_oil,2026-08-31,1057.397058009987,1311.346019993458,1241.376818993303,1381.3152209936131
BE,heating_oil,2026-09-07,1054.9730425741675,1308.9220045576385,1234.0368675312127,1383.8071415840643
BE,heating_oil,2026-09-14,1052.606195222387,1306.555157205858,1227.2540566109217,1385.8562578007943
BE,heating_oil,2026-09-21,1050.9390664893017,1304.8880284727727,1221.5334889736648,1388.2425679718806
BE,heating_oil,2026-09-28,1049.764796331749,1303.71375831522,1216.5798853059246,1390.8476313245155
BE,heating_oil,2026-10-05,1048.8218323613448,1302.7707943448158,1212.072421498438,1393.4691671911937
BE,heating_oil,2026-10-12,1048.2392386415254,1302.1882006249964,1208.0990471391794,1396.2773541108133
BE,heating_oil,2026-10-19,1047.8288789580856,1301.7778409415566,1204.4422361377171,1399.1134457453961
BE,fuel_oil_1,2026-08-03,543.851119875329,560.201119875329,538.898575357778,581.5036643928801
BE,fuel_oil_1,2026-08-10,543.851119875329,560.201119875329,531.2374510832686,589.1647886673894
BE,fuel_oil_1,2026-08-17,543.851119875329,560.201119875329,525.2155540392573,595.1866857114007
BE,fuel_oil_1,2026-08-24,543.851119875329,560.201119875329,520.0877115952535,600.3145281554046
BE,fuel_oil_1,2026-08-31,543.851119875329,560.201119875329,515.544863529572,604.857376221086
BE,fuel_oil_1,2026-09-07,545.2094920605055,561.5594920605055,512.7816596179717,610.3373245030392
BE,fuel_oil_1,2026-09-14,545.2094920605055,561.5594920605055,508.982190448823,614.136793672188
BE,fuel_oil_1,2026-09-21,545.2094920605055,561.5594920605055,505.43936775790115,617.6796163631099
BE,fuel_oil_1,2026-09-28,545.2094920605055,561.5594920605055,502.1072922802308,621.0116918407801
BE,fuel_oil_1,2026-10-05,545.5180548256428,561.8680548256428,499.26086861121837,624.4752410400673
BE,fuel_oil_1,2026-10-12,545.5180548256428,561.8680548256428,496.2574194632143,627.4786901880714
BE,fuel_oil_1,2026-10-19,545.5180548256428,561.8680548256428,493.38556670177655,630.3505429495091
BE,lpg,2026-08-03,676.3096129814646,817.9294476922084,799.1760015223792,836.6828938620376
BE,lpg,2026-08-10,676.4264900711639,818.0463247819077,789.3383902372466,846.7542593265689
BE,lpg,2026-08-17,676.4909410015232,818.110775712267,781.0864188997568,855.1351325247772
BE,lpg,2026-08-24,676.5264819482982,818.146316659042,773.8665944712545,862.4260388468294
BE,lpg,2026-08-31,676.5460807173245,818.1659154280683,767.4201865896014,868.9116442665352
BE,lpg,2026-09-07,679.4050813183936,821.0249160291374,764.4270980193224,877.6227340389524
BE,lpg,2026-09-14,679.4110410732833,821.0308757840271,759.070051414196,882.9917001538582
BE,lpg,2026-09-21,679.4143275321466,821.0341622428904,754.107254096251,887.9610703895297
BE,lpg,2026-09-28,679.4161398234337,821.0359745341775,749.470476378829,892.6014726895261
BE,lpg,2026-10-05,682.6328546499029,824.2526893606467,748.3229623518357,900.1824163694578
BE,lpg,2026-10-12,682.633405746344,824.2532404570878,744.1923875612055,904.3140933529702
BE,lpg,2026-10-19,682.6337096440406,824.2535443547844,740.2621716988322,908.2449170107366
PL,euro95,2026-08-03,994.9678865547971,1737.3776575660188,1718.2413865158808,1756.5139286161568
PL,euro95,2026-08-10,1005.0073049941102,1747.4170760053319,1716.028952843909,1778.8051991667546
PL,euro95,2026-08-17,1011.2865154254512,1753.6962864366728,1711.3182245607954,1796.0743483125505
PL,euro95,2026-08-24,1015.2138827206188,1757.6236537318405,1705.2825902991085,1809.9647171645724
PL,euro95,2026-08-31,1017.6702765681903,1760.080047579412,1698.6667534281996,1821.4933417306243
PL,euro95,2026-09-07,1019.9032741650226,1762.3130451762443,1692.5932775086403,1832.0328128438482
PL,euro95,2026-09-14,1020.864202421905,1763.2739734331267,1685.9002661096554,1840.647680756598
PL,euro95,2026-09-21,1021.4652203763674,1763.874991387589,1679.401749090684,1848.3482336844938
PL,euro95,2026-09-28,1021.8411304185571,1764.2509014297789,1673.1498945617732,1855.3519082977843
PL,euro95,2026-10-05,1021.1366764759534,1763.546447487175,1666.220944038413,1860.871950935937
PL,euro95,2026-10-12,1021.2837304925328,1763.6935015037543,1660.4903838727712,1866.8966191347376
PL,euro95,2026-10-19,1021.3757062499392,1763.7854772611608,1655.005289533395,1872.5656649889268
PL,diesel,2026-08-03,1112.917986477533,1844.657748109466,1819.13496770299,1870.180528515942
PL,diesel,2026-08-10,1126.0943718455774,1857.8341334775102,1817.0025759913854,1898.6656909636351
PL,diesel,2026-08-17,1133.0433606043177,1864.7831222362506,1810.86037757519,1918.7058668973114
PL,diesel,2026-08-24,1136.7081323471216,1868.4478939790545,1803.0597314029255,1933.8360565551834
PL,diesel,2026-08-31,1138.6408670792018,1870.3806287111347,1794.7941498768582,1945.9671075454112
PL,diesel,2026-09-07,1140.8668694737598,1872.6066311056927,1787.8215755147949,1957.3916866965906
PL,diesel,2026-09-14,1141.4044244582735,1873.1441860902064,1779.9580325831218,1966.330339597291
PL,diesel,2026-09-21,1141.6879212929707,1873.4276829249036,1772.4851483383172,1974.37021751149
PL,diesel,2026-09-28,1141.8374324268984,1873.5771940588313,1765.407293262242,1981.7470948554205
PL,diesel,2026-10-05,1142.0733936052288,1873.8131552371617,1758.8565763339825,1988.769734140341
PL,diesel,2026-10-12,1142.114977405607,1873.85473903754,1752.4839746859648,1995.225503389115
PL,diesel,2026-10-19,1142.1369079543354,1873.8766695862682,1746.4108593259525,2001.342479846584
PL,heating_oil,2026-08-03,1136.1997607532787,1462.4177766933087,1432.2242234538116,1492.6113299328058
PL,heating_oil,2026-08-10,1136.1997607532787,1462.4177766933087,1418.4735562635158,1506.3619971231017
PL,heating_oil,2026-08-17,1136.1997607532787,1462.4177766933087,1408.0989184474092,1516.7366349392082
PL,heating_oil,2026-08-24,1136.1997607532787,1462.4177766933087,1399.4099818335137,1525.4255715531037
PL,heating_oil,2026-08-31,1136.1997607532787,1462.4177766933087,1391.7819071577117,1533.0536462289058
PL,heating_oil,2026-09-07,1138.1635923532426,1464.3816082932726,1386.8647074457429,1541.8985091408024
PL,heating_oil,2026-09-14,1138.1635923532426,1464.3816082932726,1380.5465692644652,1548.21664732208
PL,heating_oil,2026-09-21,1138.1635923532426,1464.3816082932726,1374.6723132290624,1554.0909033574828
PL,heating_oil,2026-09-28,1138.1635923532426,1464.3816082932726,1369.1597543264786,1559.6034622600666
PL,heating_oil,2026-10-05,1139.1164376916286,1465.3344536316586,1364.902161390421,1565.766745872896
PL,heating_oil,2026-10-12,1139.1164376916286,1465.3344536316586,1359.9490221110484,1570.7198851522687
PL,heating_oil,2026-10-19,1139.1164376916286,1465.3344536316586,1355.2184555716985,1575.4504516916186
PL,fuel_oil_1,2026-08-03,702.5015517234194,718.466382820134,692.3433196512289,744.5894459890391
PL,fuel_oil_1,2026-08-10,705.4453407050457,721.4101718017603,690.0948120620876,752.7255315414329
PL,fuel_oil_1,2026-08-17,705.0004679361421,720.9652990328566,684.5387792218667,757.3918188438465
PL,fuel_oil_1,2026-08-24,705.0676982239606,721.0325293206752,680.2201897104762,761.8448689308741
PL,fuel_oil_1,2026-08-31,705.0575382143667,721.0223693110812,676.2392416847063,765.8054969374562
PL,fuel_oil_1,2026-09-07,708.5764019531388,724.5412330498533,676.1135577843281,772.9689083153785
PL,fuel_oil_1,2026-09-14,708.5761699187186,724.5410010154332,672.7242405204125,776.3577615104538
PL,fuel_oil_1,2026-09-21,708.5762049843418,724.5410360810563,669.5436750798975,779.538397082215
PL,fuel_oil_1,2026-09-28,708.5761996851369,724.5410307818514,666.5372088948411,782.5448526688617
PL,fuel_oil_1,2026-10-05,710.8623636858132,726.8271947825277,665.9652452481799,787.6891443168755
PL,fuel_oil_1,2026-10-12,710.8623635647898,726.8271946615043,663.2354462804394,790.4189430425693
PL,fuel_oil_1,2026-10-19,710.8623635830792,726.8271946797937,660.6181014888118,793.0362878707756
PL,fuel_oil_2,2026-08-03,579.6823378838186,595.6471689805331,573.5046618777427,617.7896760833236
PL,fuel_oil_2,2026-08-10,579.6823378838186,595.6471689805331,564.429768465004,626.8645694960622
PL,fuel_oil_2,2026-08-17,579.6823378838186,595.6471689805331,557.4534316784991,633.8409062825672
PL,fuel_oil_2,2026-08-24,579.6823378838186,595.6471689805331,551.5677288383691,639.7266091226971
PL,fuel_oil_2,2026-08-31,579.6823378838186,595.6471689805331,546.380217406517,644.9141205545493
PL,fuel_oil_2,2026-09-07,578.9299288913952,594.8947599881097,540.9367393466306,648.8527806295889
PL,fuel_oil_2,2026-09-14,578.9299288913952,594.8947599881097,536.6220951640594,653.1674248121601
PL,fuel_oil_2,2026-09-21,578.9299288913952,594.8947599881097,532.6056041112964,657.183915864923
PL,fuel_oil_2,2026-09-28,578.9299288913952,594.8947599881097,528.8328616351575,660.9566583410619
PL,fuel_oil_2,2026-10-05,577.266768132385,593.2315992290995,523.6010751168568,662.8621233413422
PL,fuel_oil_2,2026-10-12,577.266768132385,593.2315992290995,520.2066352626897,666.2565631955093
PL,fuel_oil_2,2026-10-19,577.266768132385,593.2315992290995,516.963120573463,669.500077884736
PL,lpg,2026-08-03,460.6015085468832,708.230764972344,697.9762825536017,718.4852473910863
PL,lpg,2026-08-10,457.5498259084017,705.1790823338625,687.8155506941703,722.5426139735548
PL,lpg,2026-08-17,455.5807628232312,703.210019248692,679.3007358109735,727.1193026864105
PL,lpg,2026-08-24,454.3102475394694,701.9395039649302,672.0114287795076,731.8675791503529
PL,lpg,2026-08-31,453.49046218143326,701.119718606894,665.6643196873617,736.5751175264264
PL,lpg,2026-09-07,453.87566750018004,701.5049239256408,660.96274148281,742.0471063684718
PL,lpg,2026-09-14,453.53436404560216,701.1636204710629,655.9203430974886,746.4068978446372
PL,lpg,2026-09-21,453.31414192133013,700.9433983467909,651.332873057947,750.5539236356349
PL,lpg,2026-09-28,453.1720461312982,700.801302556759,647.1113868067007,754.4912183068174
PL,lpg,2026-10-05,453.34748113043906,700.9767375558998,643.4558055249151,758.4976695868845
PL,lpg,2026-10-12,453.2883220059884,700.9175784314492,639.7806778134088,762.0544790494895
PL,lpg,2026-10-19,453.25015026209934,700.8794066875602,636.3136806453699,765.4451327297504
AT,euro95,2026-08-03,967.0468734309256,1885.6468734309256,1861.127291074241,1910.1664557876102
AT,euro95,2026-08-10,972.2473872675187,1890.8473872675186,1853.0998977557892,1928.5948767792484
AT,euro95,2026-08-17,974.848560995587,1893.448560995587,1844.7360171788805,1942.1611048122936
AT,euro95,2026-08-24,976.1496064261336,1894.7496064261336,1836.5564743980312,1952.942738454236
AT,euro95,2026-08-31,976.8003585055046,1895.4003585055048,1828.8154784266094,1961.9852385843997
AT,euro95,2026-09-07,977.2147821541115,1895.8147821541115,1821.6686320934487,1969.9609322147744
AT,euro95,2026-09-14,977.377584916663,1895.977584916663,1814.9201295382218,1977.035040295104
AT,euro95,2026-09-21,977.4590149987879,1896.059014998788,1808.610389926068,1983.507640071508
AT,euro95,2026-09-28,977.4997443953347,1896.0997443953347,1802.684741969812,1989.5147468208575
AT,euro95,2026-10-05,976.4246408473821,1895.0246408473822,1795.9966682310078,1994.0526134637566
AT,euro95,2026-10-12,976.4348303780575,1895.0348303780574,1790.6928232602177,1999.3768374958972
AT,euro95,2026-10-19,976.4399269397295,1895.0399269397294,1785.640480475151,2004.4393734043083
AT,diesel,2026-08-03,1204.3636766072766,2081.0536766072764,2053.1242225249116,2108.9831306896413
AT,diesel,2026-08-10,1218.1862674818012,2094.8762674818013,2050.689914925625,2139.0626200379775
AT,diesel,2026-08-17,1224.904902603637,2101.594902603637,2043.765218056437,2159.4245871508374
AT,diesel,2026-08-24,1228.170575320867,2104.860575320867,2035.2216650209668,2174.4994856207677
AT,diesel,2026-08-31,1229.757894486541,2106.4478944865414,2026.375173232843,2186.520615740239
AT,diesel,2026-09-07,1231.50175445835,2108.1917544583503,2018.7396973928553,2197.6438115238448
AT,diesel,2026-09-14,1231.876768443784,2108.566768443784,2010.559709350449,2206.5738275371186
AT,diesel,2026-09-21,1232.0590484632526,2108.7490484632526,2002.84452140004,2214.653575526465
AT,diesel,2026-09-28,1232.1476478403106,2108.8376478403106,1995.570697101913,2222.104598578708
AT,diesel,2026-10-05,1232.2590731069943,2108.9490731069945,1988.7633196035738,2229.134826610415
AT,diesel,2026-10-12,1232.2800052586472,2108.9700052586472,1982.2395953801868,2235.7004151371075
AT,diesel,2026-10-19,1232.2901795805633,2108.9801795805633,1976.0254816467154,2241.9348775144113
AT,heating_oil,2026-08-03,1085.1007201133218,1606.460720113322,1575.7304146217084,1637.1910256049355
AT,heating_oil,2026-08-10,1087.863316252633,1609.2233162526331,1560.5554608648797,1657.8911716403866
AT,heating_oil,2026-08-17,1088.5498077062173,1609.9098077062174,1547.242040243209,1672.5775751692258
AT,heating_oil,2026-08-24,1088.7203974312729,1610.080397431273,1535.7816982065992,1684.3790966559468
AT,heating_oil,2026-08-31,1088.7627881327776,1610.1227881327777,1525.7311984761457,1694.5143777894098
AT,heating_oil,2026-09-07,1090.7092635508022,1612.0692635508024,1518.6576809072276,1705.4808461943771
AT,heating_oil,2026-09-14,1090.7118811676198,1612.07188116762,1510.4350814449813,1713.7086808902584
AT,heating_oil,2026-09-21,1090.7125316324302,1612.0725316324304,1502.8274560611294,1721.3176072037313
AT,heating_oil,2026-09-28,1090.712693269713,1612.0726932697132,1495.7156270235728,1728.4297595158537
AT,heating_oil,2026-10-05,1092.7024711564493,1614.0624711564494,1491.0037235706727,1737.121218742226
AT,heating_oil,2026-10-12,1092.7024811375172,1614.0624811375174,1484.6486260915658,1743.4763361834687
AT,heating_oil,2026-10-19,1092.7024836177632,1614.0624836177633,1478.5913173040326,1749.5336499314938
AT,fuel_oil_1,2025-01-06,554.5057735789668,771.6957735789669,752.3343490657277,791.057198092206
AT,fuel_oil_1,2025-01-13,554.5066052945564,771.6966052945564,743.121710151458,800.2715004376548
AT,fuel_oil_1,2025-01-20,554.5062528330818,771.6962528330819,736.6361608695595,806.7563447966043
AT,fuel_oil_1,2025-01-27,554.506402197952,771.696402197952,731.0263376998863,812.3664666960177
AT,fuel_oil_1,2025-02-03,553.5299371798723,770.7199371798723,725.1817759427076,816.258098417037
AT,fuel_oil_1,2025-02-10,553.5299640037827,770.7199640037827,720.7641544408854,820.67577356668
AT,fuel_oil_1,2025-02-17,553.5299526364413,770.7199526364413,716.7151988332907,824.724706439592
AT,fuel_oil_1,2025-02-24,553.5299574536527,770.7199574536528,712.9459390216839,828.4939758856217
AT,fuel_oil_1,2025-03-03,552.6410418161217,769.8310418161218,708.5204040239603,831.1416796082832
AT,fuel_oil_1,2025-03-10,552.6410426812278,769.8310426812278,705.1764060747576,834.4856792876981
AT,fuel_oil_1,2025-03-17,552.6410423146161,769.8310423146162,701.997276150988,837.6648084782444
AT,fuel_oil_1,2025-03-24,552.6410424699775,769.8310424699775,698.9605245299039,840.7015604100512
CZ,euro95,2026-08-03,920.3915520091133,1754.9945252450634,1739.1647630503523,1770.8242874397743
CZ,euro95,2026-08-10,924.2727980594594,1758.8757712954093,1730.2898669615206,1787.4616756292985
CZ,euro95,2026-08-17,926.041009007248,1760.643982243198,1721.0227794589232,1800.2651850274729
CZ,euro95,2026-08-24,926.8465673035587,1761.4495405395087,1712.2960680924323,1810.603012986585
CZ,euro95,2026-08-31,927.2135620728009,1761.8165353087509,1704.3124663357466,1819.320604281755
CZ,euro95,2026-09-07,926.2628197963843,1760.8657930323343,1695.9197365303514,1825.8118495343172
CZ,euro95,2026-09-14,926.338990097682,1760.941963333632,1689.2569998173906,1832.6269268498734
CZ,euro95,2026-09-21,926.373691623662,1760.976664859612,1683.1062022496744,1838.8471274695498
CZ,euro95,2026-09-28,926.3895008811394,1760.9924741170894,1677.381108406777,1844.6038398274018
CZ,euro95,2026-10-05,924.1766621978927,1758.7796354338427,1669.7919217363392,1847.7673491313462
CZ,euro95,2026-10-12,924.1799434324123,1758.7829166683623,1664.723485417014,1852.8423479197106
CZ,euro95,2026-10-19,924.1814382912087,1758.7844115271587,1659.9121345030726,1857.6566885512448
CZ,diesel,2026-08-03,1125.0743481488164,1851.8858858260905,1831.334136616308,1872.4376350358732
CZ,diesel,2026-08-10,1136.3030093269792,1863.1145470042534,1825.876906737669,1900.3521872708377
CZ,diesel,2026-08-17,1139.6754856003138,1866.487023277588,1815.9229030996948,1917.051143455481
CZ,diesel,2026-08-24,1140.6883931975547,1867.4999308748288,1805.9164844966472,1929.0833772530104
CZ,diesel,2026-08-31,1140.992615293544,1867.8041529708182,1796.7520925764072,1938.8562133652292
CZ,diesel,2026-09-07,1140.5259347011408,1867.337472378415,1787.8998654570325,1946.7750792997974
CZ,diesel,2026-09-14,1140.5533777655799,1867.364915442854,1780.3356355830356,1954.3941953026724
CZ,diesel,2026-09-21,1140.5616201626226,1867.3731578398967,1773.3603618206218,1961.3859538591717
CZ,diesel,2026-09-28,1140.564095728322,1867.375633405596,1766.8625460926562,1967.888720718536
CZ,diesel,2026-10-05,1139.554246420827,1866.3657840981011,1759.747750543913,1972.9838176522892
CZ,diesel,2026-10-12,1139.5544697350106,1866.3660074122847,1753.9740847060566,1978.7579301185128
CZ,diesel,2026-10-19,1139.5545368063893,1866.3660744836634,1748.482708561039,1984.2494404062877
CZ,heating_oil,2026-08-03,1030.4957383624155,1356.3065185665705,1328.7586806340598,1383.8543564990814
CZ,heating_oil,2026-08-10,1040.0164077891955,1365.8271879933504,1322.312379669044,1409.341996317657
CZ,heating_oil,2026-08-17,1044.5482224737784,1370.3590026779334,1313.4949610405445,1427.2230443153226
CZ,heating_oil,2026-08-24,1046.7053548575198,1372.516135061675,1304.1258632310282,1440.9064068923217
CZ,heating_oil,2026-08-31,1047.732144442896,1373.5429246470512,1294.9829313983173,1452.1029178957847
CZ,heating_oil,2026-09-07,1048.5696259567897,1374.3804061609449,1286.6844973034745,1462.0763150184148
CZ,heating_oil,2026-09-14,1048.8022693736143,1374.6130495777693,1278.5860567791378,1470.6400423764007
CZ,heating_oil,2026-09-21,1048.9130070544827,1374.723787258638,1271.005975488156,1478.4415990291195
CZ,heating_oil,2026-09-28,1048.9657179118606,1374.7764981160158,1263.888040106588,1485.6649561254435
CZ,heating_oil,2026-10-05,1048.5688433897267,1374.3796235938817,1256.751459995824,1492.0077871919393
CZ,heating_oil,2026-10-12,1048.5807862786482,1374.3915664828032,1250.3870347093507,1498.3960982562558
CZ,heating_oil,2026-10-19,1048.586471063716,1374.397251267871,1244.3274599814363,1504.4670425543059
CZ,fuel_oil_1,2019-12-23,320.7410598159335,339.27105981593354,328.60974869550705,349.93237093636003
CZ,fuel_oil_1,2019-12-30,320.7410598159335,339.27105981593354,323.76262685185196,354.7794927800151
CZ,fuel_oil_1,2020-01-06,320.4449015857908,338.9749015857908,319.80827874303907,358.14152442854254
CZ,fuel_oil_1,2020-01-13,320.4449015857908,338.9749015857908,316.7441263093598,361.2056768622218
CZ,fuel_oil_1,2020-01-20,320.4449015857908,338.9749015857908,314.05392031325545,363.89588285832616
CZ,fuel_oil_1,2020-01-27,320.4449015857908,338.9749015857908,311.62708182294796,366.32272134863365
CZ,fuel_oil_1,2020-02-03,320.57163107160846,339.1016310716085,309.52543821357114,368.67782392964585
CZ,fuel_oil_1,2020-02-10,320.57163107160846,339.1016310716085,307.453580228457,370.74968191476
CZ,fuel_oil_1,2020-02-17,320.57163107160846,339.1016310716085,305.50926496909074,372.69399717412625
CZ,fuel_oil_1,2020-02-24,320.57163107160846,339.1016310716085,303.6714885576351,374.5317735855819
CZ,fuel_oil_1,2020-03-02,321.0872912100046,339.6172912100046,302.44010819736434,376.7944742226449
CZ,fuel_oil_1,2020-03-09,321.0872912100046,339.6172912100046,300.7715594631289,378.46302295688037
CZ,fuel_oil_2,2008-12-01,285.0543954513257,303.65439545132574,294.57127638261477,312.7375145200367
CZ,fuel_oil_2,2008-12-08,285.0543954513257,303.65439545132574,291.36291706635217,315.9458738362993
CZ,fuel_oil_2,2008-12-15,285.0543954513257,303.65439545132574,288.83353752203686,318.4752533806146
CZ,fuel_oil_2,2008-12-22,285.0543954513257,303.65439545132574,286.6769039218902,320.6318869807613
CZ,fuel_oil_2,2008-12-29,285.0543954513257,303.65439545132574,284.76491140585887,322.5438794967926
CZ,fuel_oil_2,2009-01-05,281.21609678183734,299.81609678183736,279.1911120212166,320.4410815424581
CZ,fuel_oil_2,2009-01-12,281.21609678183734,299.81609678183736,277.59071972659416,322.04147383708056
CZ,fuel_oil_2,2009-01-19,281.21609678183734,299.81609678183736,276.09807042803584,323.5341231356389
CZ,fuel_oil_2,2009-01-26,281.21609678183734,299.81609678183736,274.6939519094043,324.9382416542704
CZ,fuel_oil_2,2009-02-02,278.6450810374775,297.2450810374775,270.79324647230214,323.6969156026529
CZ,fuel_oil_2,2009-02-09,278.6450810374775,297.2450810374775,269.52727194773706,324.962890127218
CZ,fuel_oil_2,2009-02-16,278.6450810374775,297.2450810374775,268.3166464167244,326.17351565823066
CZ,lpg,2026-08-03,665.1357808806197,913.0491374513398,900.6007988881302,925.4974760145494
CZ,lpg,2026-08-10,665.1296340083757,913.0429905790958,894.8820398001418,931.2039413580497
CZ,lpg,2026-08-17,665.1265877643822,913.0399443351023,890.346656532033,935.7332321381716
CZ,lpg,2026-08-24,665.1250781181589,913.038434688879,886.4796820383069,939.597187339451
CZ,lpg,2026-08-31,665.1243299733208,913.0376865440409,883.0650059964654,943.0103670916163
CZ,lpg,2026-09-07,666.1221803556901,914.0355369264103,880.9801748907682,947.0908989620523
CZ,lpg,2026-09-14,666.1219966144337,914.0353531851538,878.1522265783327,949.9184797919748
CZ,lpg,2026-09-21,666.1219055566279,914.035262127348,875.5273233758661,952.5432008788299
CZ,lpg,2026-09-28,666.1218604305406,914.0352170012607,873.0683648463366,955.0020691561847
CZ,lpg,2026-10-05,668.0199342015603,915.9332907722804,872.6460703389242,959.2205112056366
CZ,lpg,2026-10-12,668.0199231187812,915.9332796895013,870.4434675149079,961.4230918640948
CZ,lpg,2026-10-19,668.0199176264189,915.933274197139,868.3424984122175,963.5240499820604
PT,euro95,2026-08-03,1023.647952685573,1997.3895558107843,1976.9047272373973,2017.874384384171
PT,euro95,2026-08-10,1027.2182893048544,2000.9598924300656,1966.9981557371682,2034.921629122963
PT,euro95,2026-08-17,1028.6513997742081,2002.3930028994193,1957.2510701603514,2047.534935638487
PT,euro95,2026-08-24,1029.2266412251904,2002.9682443504016,1948.3184529341033,2057.6180357667
PT,euro95,2026-08-31,1029.457539494378,2003.199142619589,1940.2555470215225,2066.1427382176553
PT,euro95,2026-09-07,1028.044654894573,2001.786258019784,1931.444743801154,2072.127772238414
PT,euro95,2026-09-14,1028.0818565003485,2001.8234596255597,1924.7631789548502,2078.883740296269
PT,euro95,2026-09-21,1028.0967889889062,2001.8383921141174,1918.5894634799608,2085.0873207482737
PT,euro95,2026-09-28,1028.1027827950838,2001.844385920295,1912.8321404483245,2090.8566313922656
PT,euro95,2026-10-05,1027.002767212688,2000.7443703378992,1906.3184417104728,2095.170298965326
PT,euro95,2026-10-12,1027.0037329159618,2000.745336041173,1901.1991421235557,2100.2915299587903
PT,euro95,2026-10-19,1027.0041205431298,2000.745723668341,1896.3298310190148,2105.1616163176673
PT,diesel,2026-08-03,1211.9266028223294,2050.462703188614,2025.5979415710665,2075.3274648061615
PT,diesel,2026-08-10,1222.9225667496885,2061.458667115973,2021.2250119494672,2101.692322282479
PT,diesel,2026-08-17,1227.8635278139645,2066.3996281802492,2013.2883910552828,2119.5108653052157
PT,diesel,2026-08-24,1230.083714820758,2068.6198151870426,2004.436862073021,2132.802768301064
PT,diesel,2026-08-31,1231.0813406431457,2069.6174410094304,1995.707242257698,2143.527639761163
PT,diesel,2026-09-07,1231.7844428674312,2070.320543233716,1987.6992524526381,2152.9418340147936
PT,diesel,2026-09-14,1231.9858727650862,2070.521973131371,1979.9736075596272,2161.0703387031144
PT,diesel,2026-09-21,1232.0763839097272,2070.612484276012,1972.7561345614538,2168.4688339905697
PT,diesel,2026-09-28,1232.1170544725362,2070.653154838821,1965.9890177486554,2175.3172919289864
PT,diesel,2026-10-05,1232.5851929226078,2071.1212932888925,1960.0621505877955,2182.1804359899897
PT,diesel,2026-10-12,1232.593404686097,2071.129505052382,1954.0224594785805,2188.236550626183
PT,diesel,2026-10-19,1232.5970945857673,2071.133194952052,1948.2749198909155,2193.9914700131885
PT,heating_oil,2026-08-03,1169.4761917973556,2052.5972515132335,2028.825622739,2076.3688802874667
PT,heating_oil,2026-08-10,1179.8826662209387,2063.0037259368164,2024.8528501137282,2101.154601759905
PT,heating_oil,2026-08-17,1184.6289317170051,2067.749991432883,2017.563242933946,2117.93673993182
PT,heating_oil,2026-08-24,1186.7936452638044,2069.914704979682,2009.3685384433672,2130.4608715159975
PT,heating_oil,2026-08-31,1187.780944592841,2070.902004308719,2001.24359216684,2140.5604164505976
PT,heating_oil,2026-09-07,1187.1027938310258,2070.2238535469037,1992.3977179259928,2148.0499891678146
PT,heating_oil,2026-09-14,1187.3081679227037,2070.4292276385813,1985.165828025929,2155.692627251234
PT,heating_oil,2026-09-21,1187.4018365299034,2070.5228962457813,1978.4001814949647,2162.645610996598
PT,heating_oil,2026-09-28,1187.4445576341238,2070.565617350002,1972.0512514380619,2169.0799832619414
PT,heating_oil,2026-10-05,1186.7290902250004,2069.8501499408785,1965.3304900166254,2174.369809865131
PT,heating_oil,2026-10-12,1186.7379768997066,2069.8590366155845,1959.6592170547974,2180.0588561763716
PT,heating_oil,2026-10-19,1186.7420300031704,2069.8630897190483,1954.2611596824938,2185.465019755603
PT,fuel_oil_1,2026-08-03,797.6468016713466,1030.1421896713466,1004.2711756749337,1056.0132036677596
PT,fuel_oil_1,2026-08-10,801.7332082717711,1034.228596271771,1001.4450072464649,1067.0121852970774
PT,fuel_oil_1,2026-08-17,799.5463999686272,1032.0417879686272,991.8766822462183,1072.2068936910362
PT,fuel_oil_1,2026-08-24,800.7166532063256,1033.2120412063257,987.6249689643788,1078.7991134482727
PT,fuel_oil_1,2026-08-31,800.0904014043845,1032.5857894043845,981.7743466448578,1083.3972321639112
PT,fuel_oil_1,2026-09-07,799.6661156701648,1032.1615036701648,976.8032623533146,1087.5197449870152
PT,fuel_oil_1,2026-09-14,799.4867715004583,1031.9821595004582,972.3299105161243,1091.6344084847924
PT,fuel_oil_1,2026-09-21,799.582746120163,1032.0781341201632,968.4677718921198,1095.6884963482064
PT,fuel_oil_1,2026-09-28,799.5313860584307,1032.0267740584309,964.6668819299292,1099.3866661869324
PT,fuel_oil_1,2026-10-05,798.005213600237,1030.5006016002371,959.6012093730575,1101.3999938274164
PT,fuel_oil_1,2026-10-12,797.9905052551289,1030.485893255129,956.2093404730275,1104.7624460372303
PT,fuel_oil_1,2026-10-19,797.9983763101542,1030.4937643101543,952.9902180055562,1107.9973106147522
PT,lpg,2026-08-03,554.8669698989262,894.2144585490806,885.1371654935108,903.2917516046505
PT,lpg,2026-08-10,554.4274496237607,893.7749382739152,879.6573910493613,907.892485498469
PT,lpg,2026-08-17,554.0999375457932,893.4474261959476,874.8505467176349,912.0443056742604
PT,lpg,2026-08-24,553.8558892793641,893.2033779295185,870.4737438153624,915.9330120436747
PT,lpg,2026-08-31,553.6740347452758,893.0215233954302,866.4375358559212,919.6055109349393
PT,lpg,2026-09-07,553.0231154737317,892.3706041238861,862.1742924653184,922.5669157824537
PT,lpg,2026-09-14,552.9221388264773,892.2696274766317,858.6764292705184,925.8628256827451
PT,lpg,2026-09-21,552.8468952633538,892.1943839135082,855.3973467599508,928.9914210670656
PT,lpg,2026-09-28,552.7908269154192,892.1383155655736,852.3107142334529,931.9659168976943
PT,lpg,2026-10-05,553.0520392288233,892.3995278789778,849.6969790412638,935.1020767166917
PT,lpg,2026-10-12,553.020906687532,892.3683953376865,846.9307577984872,937.8060328768858
PT,lpg,2026-10-19,552.9977080232909,892.3451966734453,844.2983195243246,940.3920738225662
