date,price_with_tax_eur_per_1000l,price_wo_tax_eur_per_1000l,tax_amount_eur_per_1000l,tax_share_of_price
2005-01-03,936.4249972800387,387.72544151777555,548.6995557622631,0.5859514188066618
2005-01-10,930.6321595464301,382.14167208382247,548.4904874626077,0.5893740957006365
2005-01-17,927.0114623009448,379.5159933027104,547.4954689982344,0.590602696151448
2005-01-24,929.1007752441136,380.6465938207379,548.4541814233758,0.5903064511804695
2005-01-31,938.3097079341998,387.9696789577074,550.3400289764924,0.5865227912733966
2005-02-07,937.0006657337132,385.77832836258347,551.2223373711297,0.5882838268204411
2005-02-14,933.530446019535,383.0449977007641,550.485448318771,0.5896813014144068
2005-02-21,936.1977065574996,385.3720675316414,550.8256390258582,0.5883646532860071
2005-02-28,951.9896205304507,397.10964478389263,554.8799757465581,0.5828634722271213
2005-03-07,969.2639068531872,411.55781543025563,557.7060914229316,0.5753913742992666
2005-03-14,982.0577620058035,423.5636242012505,558.494137804553,0.5686978499756031
2005-03-21,989.1048186898375,429.7850863666892,559.3197323231484,0.5654807475956087
2005-04-04,1000.8581585169097,439.06077985679167,561.797378660118,0.5613156808279406
2005-04-11,1022.7794167054791,457.2243675576716,565.5550491478075,0.552958966430457
2005-04-18,1017.4909041565027,452.6003790297006,564.890525126802,0.555179926247198
2005-04-25,1015.4865034954066,450.2884688820709,565.1980346133357,0.5565785785117451
2005-05-02,1013.6734630132271,449.12283824230406,564.550624770923,0.5569353893242408
2005-05-09,1005.4624824295315,442.10910987823456,563.353372551297,0.5602927830683926
2005-05-16,996.1568020021274,435.62618473759755,560.5306172645298,0.5626931584846346
2005-05-23,989.9279499251763,429.47174042216335,560.456209503013,0.5661585871430088
2005-05-30,988.2398551907545,427.6581343131896,560.581720877565,0.5672526947107986
2005-06-06,1010.2642303264385,444.72171152638475,565.5425188000537,0.5597966371800718
2005-06-13,1030.3468421813845,461.13914112391114,569.2077010574734,0.5524428063974877
2005-06-20,1043.8201593756264,472.5831110454464,571.23704833018,0.547256194660843
2005-06-27,1052.105955295925,479.233004735836,572.8729505600891,0.5445011956034006
2005-07-04,1057.640357159093,484.72343687854243,572.9169202805505,0.541693512735701
2005-07-11,1068.182441670001,494.96228204849706,573.220159621504,0.5366313255676897
2005-07-18,1066.1870796157432,493.5193907833422,572.6676888324009,0.537117453194792
2005-07-25,1061.1011738309792,489.62363391399225,571.4775399169869,0.5385702645617999
2005-08-01,1060.0327362093378,488.281442042753,571.7512941665848,0.5393713558424237
2005-08-08,1063.3563918638956,490.9858318103445,572.3705600535511,0.5382678511484527
2005-08-15,1069.2114577166797,495.1873626534363,574.0240950632433,0.5368667637448276
2005-08-22,1090.035398372132,512.2722287229427,577.7631696491893,0.5300407404310223
2005-08-29,1093.2292607606755,515.4055061510027,577.8237546096728,0.5285476481004722
2005-09-05,1124.895594165077,541.606589219534,583.289004945543,0.518527237524184
2005-09-12,1118.7030704252475,535.8773439136801,582.8257265115674,0.5209833975784303
2005-09-19,1103.0976679851938,522.6087612292649,580.4889067559288,0.5262352768963703
2005-09-26,1109.4923225086022,528.8668448068194,580.6254777017829,0.5233253677582623
2005-10-03,1123.4827267517633,540.5656188173883,582.9171079343749,0.5188483045215275
2005-10-10,1125.2998871227053,542.878886433262,582.4210006894433,0.5175695895417208
2005-10-17,1123.4051815309065,541.0488374570231,582.3563440738834,0.5183849546432433
2005-10-24,1117.097157385432,535.1692992548465,581.9278581305855,0.5209285998834593
2005-11-07,1092.4002581444201,514.8240476043469,577.5762105400732,0.5287221476138786
2005-11-14,1076.6993813000868,501.0668397275188,575.632541572568,0.5346269827679352
2005-11-21,1057.10369069605,485.77961337812184,571.3240773179282,0.5404617185110192
2005-11-28,1055.1270489317621,483.5047055191279,571.6223434126342,0.5417568850986803
2005-12-05,1046.6601062686304,475.563820224228,571.0962860444024,0.5456368143048607
2005-12-12,1052.3726672732394,480.0178258882819,572.3548413849575,0.5438708731080627
2005-12-19,1054.7957920135646,482.5984805733139,572.1973114402506,0.5424721218767359
2006-01-09,1073.4956949791203,494.10183878288615,579.3938561962342,0.5397262969065781
2006-01-16,1070.404964294936,491.8817081357847,578.5232561591513,0.5404713874250557
2006-01-23,1072.3495107233055,493.28192597060604,579.0675847526994,0.5399989266205897
2006-01-30,1079.8017503428032,499.05872254673307,580.7430277960701,0.5378237510836619
2006-02-06,1084.5924092933844,503.16895609164766,581.4234532017367,0.5360755323564693
2006-02-13,1077.30500904718,497.00790132325227,580.2971077239276,0.5386562791879805
2006-02-20,1070.3669124596768,491.1693732697259,579.1975391899509,0.5411205563697492
2006-02-27,1073.1630439142716,493.21594240958274,579.9471015046888,0.540409124963324
2006-03-06,1079.780582529963,499.40147456023624,580.3791079697269,0.537497263203121
2006-03-13,1083.4668855930654,503.6755872172377,579.7912983758276,0.5351259979288273
2006-03-20,1089.6438592528928,509.07244152199917,580.5714177308936,0.5328084151540656
2006-03-27,1088.0379228018994,507.2770033712551,580.7609194306443,0.5337690049764785
2006-04-03,1095.570328013681,514.5838071941603,580.9865208195208,0.5303050894714133
2006-04-10,1098.3935478787118,516.8509984182948,581.542549460417,0.5294482570327633
2006-04-24,1129.4710669441456,542.4017298190051,587.0693371251405,0.5197736837239162
2006-05-01,1136.3422283357704,548.7035315720328,587.6386967637376,0.5171317954313496
2006-05-08,1135.644221647363,546.8875528195222,588.7566688278409,0.5184340813831569
2006-05-15,1128.7528325292233,541.3373236121864,587.4155089170368,0.5204111050607961
2006-05-22,1122.7823772179402,536.1705885882427,586.6117886296975,0.5224625898415146
2006-05-29,1111.9993718268088,527.2767270274094,584.7226447993994,0.5258300135896736
2006-06-05,1118.4442299481616,533.2513864633589,585.1928434848027,0.5232204054661944
2006-06-12,1121.5197711581966,535.4517756964025,586.0679954617941,0.522565906133389
2006-06-19,1114.9415713525204,530.2787957673874,584.6627755851331,0.5243887129223163
2006-06-26,1111.9453874970259,528.7474776928049,583.197909804221,0.524484310436317
2006-07-03,1121.6068051941702,536.9661663888746,584.6406388052956,0.5212527564007459
2006-07-10,1125.1593062901177,540.08337387815,585.0759324119676,0.519993861439127
2006-07-17,1133.1053453595825,546.1408891906491,586.9644561689335,0.5180140210023143
2006-07-24,1141.0587448197894,551.9414033733736,589.1173414464157,0.5162901069913423
2006-07-31,1136.3576221470519,548.1374508594238,588.2201712876281,0.5176364903297218
2006-08-07,1143.144224434026,552.3881730283708,590.7560514056552,0.5167817312799181
2006-08-14,1143.7961142963927,553.0160342806829,590.7800800157098,0.5165082068661588
2006-08-21,1133.290866484562,545.0134611697142,588.2774053148478,0.5190877494139422
2006-08-28,1129.3873377132113,541.3833843155461,588.0039533976652,0.5206397608355149
2006-09-04,1123.7727984038918,536.8740184213653,586.8987799825264,0.5222575068698103
2006-09-11,1104.7742094835546,521.4678382954407,583.3063711881139,0.5279869553261841
2006-09-18,1089.7805155903347,507.8932342126858,581.887281377649,0.5339490595153835
2006-09-25,1068.4771223519626,489.77928692781836,578.6978354241443,0.54160994495633
2006-10-02,1059.9968758488303,483.1901647355685,576.8067111132618,0.5441588784413759
2006-10-09,1056.8267501083747,479.6317802603618,577.1949698480129,0.5461585541706085
2006-10-16,1062.0606740942033,483.47675771756974,578.5839163766335,0.5447748235947901
2006-10-23,1060.2756286163474,481.6069875760098,578.6686410403377,0.5457718968750572
2006-10-30,1055.5253586931979,477.303872693987,578.2214859992109,0.5478044475549909
2006-11-06,1049.2837891075894,471.48694762137507,577.7968414862144,0.5506583133030462
2006-11-13,1049.8478962234562,472.41119338762775,577.4367028358286,0.5500193932025781
2006-11-20,1050.3343429827412,473.02083558100134,577.3135074017398,0.5496473682487464
2006-11-27,1047.3073587458468,470.52340624695444,576.7839524988924,0.5507303540668258
2006-12-04,1052.5580057989803,474.50809388028097,578.0499119186993,0.5491858013847994
2006-12-11,1054.153995021598,474.22915491360595,579.9248401079919,0.5501329434283557
2006-12-18,1053.8065611225534,473.26590098762733,580.540660134926,0.5508986957876907
2007-01-08,1020.3694358353885,450.2679214655889,570.1015143697996,0.5587206891424092
2007-01-15,1005.7219730693321,436.38949354335824,569.3324795259739,0.5660933088579596
2007-01-22,998.6770288000433,429.98479516960555,568.6922336304378,0.5694455937509125
2007-01-29,996.4531544731636,429.15159591778735,567.3015585553762,0.5693208516714618
2007-02-05,1002.4665850701948,434.0577287895791,568.4088562806157,0.5670102771962365
2007-02-12,1008.9866709270311,440.17508760248785,568.8115833245433,0.563745389026729
2007-02-19,1007.7872803210312,440.1904959836568,567.5967843373744,0.5632109031546481
2007-02-26,1012.8642596098397,444.042455419139,568.8218041907007,0.5615972710991043
2007-03-05,1024.4133469138749,454.95391968710265,569.4594272267723,0.5558883325195959
2007-03-12,1029.0849257919842,458.6452043980186,570.4397213939656,0.5543174397924009
2007-03-19,1024.592379744625,454.7338665185208,569.8585132261043,0.5561807060951779
2007-03-26,1025.910271183574,455.233332883296,570.6769383002779,0.5562639875336255
2007-04-02,1044.4150453874922,470.7084651385577,573.7065802489345,0.5493089962487868
2007-04-16,1052.0259006999997,477.2829415010831,574.7429591989167,0.5463201607645711
2007-04-23,1055.8102050640173,480.0686789144405,575.7415261495768,0.5453077867481567
2007-04-30,1058.4915345258569,482.81877777688794,575.6727567489689,0.5438614650865745
2007-05-07,1058.0000069899872,482.21502768014005,575.7849793098471,0.5442202036916397
2007-05-14,1057.8635497543837,482.5473100149508,575.3162397394328,0.5438473041943931
2007-05-21,1060.9276837508578,484.9715989695264,575.9560847813314,0.5428796831326588
2007-05-28,1064.8022057364894,487.9979811763383,576.8042245601512,0.5417008167833333
2007-06-04,1067.8493095834879,489.65467271360853,578.1946368698793,0.5414571435134446
2007-06-11,1065.6822642858024,488.126459046162,577.5558052396404,0.5419587287836737
2007-06-18,1075.9740041753723,496.22071626207793,579.7532879132943,0.5388171885784712
2007-06-25,1082.9622208477413,501.65924234931146,581.3029784984299,0.5367712440082968
2007-07-02,1079.2692773293088,497.10994945524953,582.1593278740593,0.539401371004124
2007-07-09,1078.6742109450474,496.5435367147287,582.1306742303187,0.5396723758884554
2007-07-16,1088.3580846830257,504.6249200868378,583.7331645961879,0.5363429305219842
2007-07-23,1086.1003331270592,502.29957503617567,583.8007580908836,0.5375200985437749
2007-07-30,1083.2801481622782,500.6572398887175,582.6229082735607,0.5378321658178141
2007-08-06,1087.5323055008898,504.63412859422857,582.8981769066613,0.5359824015877792
2007-08-13,1080.2855852804867,498.46116961837185,581.8244156621148,0.53858389262044
2007-08-20,1078.8884333954784,497.6698976893273,581.2185357061511,0.538719776498984
2007-08-27,1075.6086278309563,495.04842662131506,580.5602012096413,0.5397504131036802
2007-09-03,1078.9441982648232,497.3004783563887,581.6437199084345,0.5390860072688134
2007-09-10,1089.7760578931197,506.7449306661806,583.0311272269391,0.5350008591252425
2007-09-17,1099.955307184727,516.6769157723458,583.2783914123812,0.5302746280712524
2007-09-24,1110.5455001323137,525.5825164833517,584.962983648962,0.5267348195812488
2007-10-01,1112.1972652278941,524.0844111661444,588.1128540617498,0.5287846611826031
2007-10-08,1106.1477147528324,518.1806498581233,587.9670648947091,0.5315447991736707
2007-10-15,1107.3261214015695,519.5383180305811,587.7878033709884,0.5308172470699157
2007-10-22,1123.070532345965,532.865262881574,590.2052694643909,0.525528230387739
2007-10-29,1132.906233742167,540.8750966725219,592.0311370696451,0.52257734968416
2007-11-05,1150.8068955700542,555.7724613643435,595.0344342057107,0.5170584539389289
2007-11-12,1188.5266110231385,588.272668830929,600.2539421922095,0.5050403891886638
2007-11-19,1191.1780899784762,591.5785253036828,599.5995646747934,0.5033668514551235
2007-11-26,1203.182044388958,602.1098896103144,601.0721547786436,0.4995687540233374
2007-12-03,1203.8024253744813,601.6685357117362,602.1338896627451,0.5001932850197008
2007-12-10,1187.5924690433735,589.3083755998972,598.2840934434763,0.5037789553561287
2007-12-17,1183.8519634989314,585.9390116905191,597.9129518084122,0.5050571948550491
2008-01-07,1219.6201528663237,610.9160208747901,608.7041319915336,0.4990932058321363
2008-01-14,1206.1863638219322,600.5224278076995,605.6639360142327,0.5021313075494577
2008-01-21,1192.4021737154574,588.0868110855588,604.3153626298986,0.5068049823717499
2008-01-28,1185.3724073853527,582.0071577374946,603.3652496478581,0.509009021880927
2008-02-04,1190.655979041648,586.5015615458374,604.1544174958105,0.5074130799578993
2008-02-11,1189.3302262458587,585.1036506085709,604.2265756372879,0.5080393672870313
2008-02-18,1215.926397185697,607.3193215771707,608.6070756085262,0.5005295361768344
2008-02-25,1235.5750609475097,623.9737052345142,611.6013557129954,0.49499328292041156
2008-03-03,1239.2158509564542,628.140862169833,611.0749887866212,0.4931142450405069
2008-03-10,1259.0147069845543,644.4403704446167,614.5743365399376,0.48813912429338857
2008-03-17,1272.7928608054215,657.9989653371653,614.7938954682562,0.4830274543488683
2008-03-31,1255.601798566545,646.3457398373375,609.2560587292076,0.48523031698804775
2008-04-07,1256.5346960953473,646.0237765778674,610.5109195174799,0.4858687320092542
2008-04-14,1279.0514410242063,665.2905657653919,613.7608752588144,0.4798562869116058
2008-04-21,1292.8062905400554,677.0031494784004,615.8031410616551,0.47633055746070835
2008-04-28,1312.9784879404876,692.8101764403382,620.1683115001495,0.4723369934818455
2008-05-05,1326.6729189288324,702.3054382316969,624.3674806971354,0.4706265363442071
2008-05-12,1351.3052925911759,722.7654806649999,628.539811926176,0.4651353142567277
2008-05-19,1397.6282468547852,762.0941630364289,635.5340838183563,0.45472326797097773
2008-05-26,1423.5990226459596,783.8296623534859,639.7693602924737,0.4494027813417377
2008-06-02,1432.5635058721418,790.3360678577906,642.2274380143513,0.4483064348504149
2008-06-09,1422.4709228719767,783.0134805377428,639.4574423342339,0.44953990415717304
2008-06-16,1438.9401229252871,795.950693506078,642.9894294192092,0.44684932970806773
2008-06-23,1435.1647397395936,792.8980276775945,642.2667120619991,0.4475212456644779
2008-06-30,1444.2193658494248,800.4117432326872,643.8076226167376,0.4457824329464513
2008-07-07,1454.2765671992984,808.7106591970237,645.5659080022747,0.4439086227219698
2008-07-14,1456.1882912130698,810.2371533899557,645.9511378231141,0.4435903939901948
2008-07-21,1447.7941466596506,802.7038616347177,645.0902850249329,0.4455676841305683
2008-07-28,1415.2136829056064,775.1937850984428,640.0198978071636,0.4522425874890671
2008-08-04,1393.343653868663,755.8367056548802,637.5069482137828,0.4575374829057602
2008-08-11,1368.3309044877735,734.5081454470425,633.8227590407311,0.4632086850936096
2008-08-18,1342.2744494516405,713.4788578916931,628.7955915599474,0.4684553086865576
2008-08-25,1342.6622294100914,714.0906559410469,628.5715734690446,0.4681531659270792
2008-09-01,1337.8111646761208,711.5900224406811,626.2211422354397,0.4680938227833116
2008-09-08,1324.8859573810366,701.4220888297126,623.463868551324,0.4705792714293341
2008-09-15,1318.714340459426,694.6171646195546,624.0971758398714,0.4732618404850611
2008-09-22,1300.0657194666671,678.5097497720774,621.5559696945897,0.4780958073023985
2008-09-29,1297.5357639969666,677.3546598315489,620.1811041654177,0.4779684085585386
2008-10-06,1295.6035990462544,674.8274817937208,620.7761172525336,0.4791404699010652
2008-10-13,1254.327610134711,641.6221236877298,612.7054864469812,0.48847325172183564
2008-10-20,1207.2630353925972,601.430375196186,605.8326601964112,0.5018232501415044
2008-10-27,1178.8583611549477,581.6850698811586,597.1732912737891,0.5065691612762777
2008-11-03,1165.5695205735997,569.0426432683732,596.5268773052264,0.511790044931566
2008-11-10,1152.5523594802212,560.1158204140612,592.43653906616,0.5140213667458348
2008-11-17,1124.3254693551592,539.44856425733,584.8769050978292,0.5202024867703806
2008-11-24,1091.8212330840804,513.044789553822,578.7764435302583,0.5301018390120347
2008-12-01,1073.5133809642155,496.858139059685,576.6552419045304,0.5371663289251097
2008-12-08,1043.4445511205386,473.5014208044973,569.9431303160413,0.5462131453980841
2008-12-15,997.5512865958295,437.9592793392802,559.5920072565493,0.5609656513663293
2009-01-05,949.0536245260103,396.2428505913879,552.8107739346224,0.5824863418131034
2009-01-12,987.5729039912677,425.96926071979556,561.6036432714722,0.5686705670049833
2009-01-19,983.3769409980227,424.1636909773142,559.2132500207085,0.5686662221845132
2009-01-26,972.0271966808413,416.1718270634541,555.8553696173872,0.5718516637347737
2009-02-02,976.7918302852074,418.511700223262,558.2801300619454,0.571544634949431
2009-02-09,984.4228571581772,422.63766386523906,561.7851932929382,0.5706746742093073
2009-02-16,971.8179589199424,414.9875865972787,556.8303723226636,0.5729780636504319
2009-02-23,955.522688391612,399.63791588388807,555.8847725077239,0.581759888342808
2009-03-02,945.7916685075536,393.0382648812334,552.7534036263203,0.5844346297727042
2009-03-09,938.7473953273376,388.15543923063785,550.5919560966997,0.5865176924455917
2009-03-16,936.6674637582877,385.20296362462176,551.464500133666,0.5887516343537417
2009-03-23,939.2119218355504,388.46522289662323,550.7466989389271,0.5863923637836437
2009-03-30,958.6293281124605,405.1568673609296,553.4724607515309,0.577358155567092
2009-04-06,972.6163297999716,412.220505447286,560.3958243526856,0.5761735714101538
2009-04-20,974.2899689838329,412.1628995013899,562.127069482443,0.5769607482141395
2009-04-27,971.922637525486,411.51062565305705,560.412011872429,0.5766014600701527
2009-05-04,975.6625901810287,413.2212130168189,562.4413771642098,0.5764711928330182
2009-05-11,981.4479859302138,418.1366118814941,563.3113740487197,0.573959478366869
2009-05-18,985.9652091579321,421.4063814658884,564.5588276920437,0.5725950798752906
2009-05-25,983.9669680510344,419.24410486721587,564.7228631838186,0.5739246148703324
2009-06-01,989.544472321159,423.34041834510776,566.2040539760512,0.5721865664591256
2009-06-08,1009.4348423025965,440.91618257346425,568.5186597291322,0.563204910217185
2009-06-15,1033.199377425854,454.9449789731921,578.2543984526619,0.5596735839053092
2009-06-22,1046.460180417243,465.7856436199274,580.6745367973156,0.5548940587168734
2009-06-29,1041.5053039535505,461.7715420825386,579.7337618710119,0.5566306380489322
2009-07-06,1032.9398791051524,454.29057190225734,578.649307202895,0.5601965021470422
2009-07-13,1009.1837767468674,435.04441153406304,574.1393652128043,0.5689145807154756
2009-07-20,1001.6634389684458,427.4985184171612,574.1649205512846,0.5732114183408583
2009-07-27,1023.8913695570322,445.55306363029575,578.3383059267364,0.564843422966778
2009-08-03,1039.4222737061748,457.4985014645404,581.9237722416344,0.5598530904737311
2009-08-10,1049.9079145344404,466.65827089934396,583.2496436350964,0.5555245708322203
2009-08-17,1055.8153666283574,472.73704284040286,583.0783237879546,0.5522540609064612
2009-08-24,1054.196870016595,471.1229656773272,583.0739043392679,0.5530977381199104
2009-08-31,1048.042931316907,466.9711115143558,581.0718198025512,0.5544351308895444
2009-09-07,1043.006312432467,460.066717664437,582.93959476803,0.5589032279282341
2009-09-14,1027.8621031390915,448.17538682654725,579.6867163125441,0.5639732358476692
2009-09-21,1024.9129711992794,447.1666471479685,577.7463240513109,0.5637028121278178
2009-09-28,1012.0795607279172,437.5516195372554,574.5279411906617,0.5676707281564352
2009-10-05,1018.9261709115874,442.89582451797395,576.0303463936134,0.565330799068852
2009-10-12,1014.340228326126,440.32976676549396,574.0104615606319,0.5658953924245611
2009-10-19,1036.552761538415,457.654277360691,578.8984841777241,0.5584843393003395
2009-10-26,1049.2570368966233,468.53027734816243,580.7267595484609,0.5534647270663731
2009-11-02,1058.592686058699,475.937121172664,582.655564886035,0.5504058100527314
2009-11-09,1060.9481112414883,476.9478005470818,584.0003106944065,0.5504513411226376
2009-11-16,1055.3820189230537,471.7414731426179,583.6405457804358,0.5530135394726562
2009-11-23,1054.5238981666766,471.60699411696135,582.9169040497153,0.5527773292413144
2009-11-30,1045.6497185238336,465.1914468572681,580.4582716665655,0.5551173221621587
2009-12-07,1051.8391607532428,469.56788528788604,582.2712754653568,0.5535744410280188
2009-12-14,1044.0223806103402,462.45608761089466,581.5662929994455,0.5570438946523917
2009-12-21,1045.797836771691,463.5302828976949,582.2675538739961,0.5567687495619782
2010-01-04,1072.2797563047204,478.06760560327467,594.2121507014458,0.5541577626618763
2010-01-11,1097.844177427269,499.6203099981125,598.2238674291565,0.5449078108981347
2010-01-18,1100.28462081574,500.02356298342704,600.261057832313,0.5455507115852309
2010-01-25,1090.4816776821876,491.7707027922262,598.7109748899614,0.5490335024816906
2010-02-01,1084.0299983093007,486.4079632319447,597.622035077356,0.5512965840515787
2010-02-08,1084.7733931836217,487.72972123622264,597.043671947399,0.5503856157415324
2010-02-15,1080.9122599000182,482.4693311783325,598.4429287216857,0.5536461662272572
2010-02-22,1092.5698123401812,492.6983699705874,599.8714423695938,0.5490463269204975
2010-03-01,1108.293345252432,507.54630421859235,600.7470410338395,0.5420469622119851
2010-03-08,1118.2432206049255,514.6884485546286,603.5547720502968,0.5397347919746811
2010-03-15,1137.1246029364231,531.2387738967974,605.8858290396257,0.5328227245062087
2010-03-22,1139.5754184730315,532.5216521945573,607.0537662784742,0.5327017031412391
2010-03-29,1152.3946656656383,543.1607730238262,609.2338926418121,0.528667747945458
2010-04-12,1177.5806990124372,561.8772913881375,615.7034076242998,0.5228545339955482
2010-04-19,1181.0614189310133,564.5824049461911,616.4790139848222,0.5219703261010774
2010-04-26,1188.8477629428874,569.4564108237083,619.391352119179,0.5210014027245428
2010-05-03,1201.9496662124582,581.2126098406776,620.7370563717806,0.5164418060265581
2010-05-10,1198.645366591908,578.574679876016,620.070686715892,0.5173095429208812
2010-05-17,1198.4622300991816,577.7064858741237,620.7557442250579,0.5179602065337393
2010-05-24,1175.6283703257848,559.3910841598699,616.2372861659148,0.5241769437693529
2010-05-31,1177.8618593597455,559.4243429830057,618.4375163767398,0.5250509739002043
2010-06-07,1187.1494167417575,565.9338458948522,621.2155708469053,0.523283389678015
2010-06-14,1194.5036674057087,572.0109945874548,622.4926728182539,0.5211308175974203
2010-06-21,1202.4483219194694,578.5342210616891,623.9141008577803,0.5188697838272381
2010-06-28,1205.4528105393058,580.6600730023209,624.7927375369849,0.5183054301872337
2010-07-05,1187.2847169272927,562.6225763636874,624.6621405636054,0.5261266582966203
2010-07-12,1178.754486111715,555.0143841082058,623.7401020035093,0.5291518372591755
2010-07-19,1171.5736043107365,550.4532001906829,621.1204041200536,0.5301590969911557
2010-07-26,1172.4905304010667,549.5655509209274,622.9249794801393,0.5312835910641079
2010-08-02,1173.8280977438455,549.432003840202,624.3960939036435,0.5319314600696329
2010-08-09,1186.0366583764674,559.9645002082328,626.0721581682345,0.5278691461571241
2010-08-16,1178.7279953751054,553.268713288159,625.4592820869464,0.5306222339174248
2010-08-23,1178.6421782109867,552.7314579186269,625.9107202923598,0.5310438841094287
2010-08-30,1174.2352316261913,549.013102967191,625.2221286590003,0.5324504935805188
2010-09-06,1173.9119337207417,550.2711321105062,623.6408016102355,0.5312500739587774
2010-09-13,1181.7280791180601,556.0621377613976,625.6659413566625,0.5294500083501491
2010-09-20,1185.8530492036266,560.0735691200653,625.7794800835613,0.5277040696600737
2010-09-27,1175.8593655226748,552.5570131168774,623.3023524057974,0.5300823981860592
2010-10-04,1177.7115072290849,554.1451212958514,623.5663859332335,0.5294729499589913
2010-10-11,1186.6856058061298,562.411578278872,624.2740275272579,0.5260652227286274
2010-10-18,1187.839409312667,563.299974796327,624.53943451634,0.5257776679405883
2010-10-25,1191.471508122573,567.550222345598,623.921285776975,0.523656068587071
2010-11-08,1200.102736855306,572.6382964114372,627.4644404438687,0.5228422710609324
2010-11-15,1211.554579846685,581.2610235841041,630.293556262581,0.5202353791954968
2010-11-22,1208.4844821035847,579.1864534438524,629.2980286597323,0.520733230735678
2010-11-29,1217.654835637882,586.5104870682346,631.1443485696473,0.5183277970879288
2010-12-06,1238.152107961278,603.683379166801,634.468728794477,0.5124319739996916
2010-12-13,1256.0072487026778,618.3270675968566,637.6801811058211,0.5077042204688524
2010-12-20,1263.0380056423817,624.1626374177797,638.875368224602,0.5058243420788194
2011-01-03,1280.335277295616,632.4721778599005,647.8630994357154,0.5060105043767615
2011-01-10,1296.7727908804352,640.2777812993317,656.4950095811035,0.5062529181657033
2011-01-17,1317.1358704160793,657.2590490586489,659.8768213574305,0.5009937366210954
2011-01-24,1311.1989166671037,653.6066427498672,657.5922739172365,0.5015198423048961
2011-01-31,1303.7401673389454,648.2666024932199,655.4735648457255,0.5027639565509497
2011-02-07,1324.634835424252,663.4870756972688,661.1477597269833,0.49911699590418207
2011-02-14,1333.6124116079175,671.3704646714374,662.2419469364801,0.49657752220378965
2011-02-21,1336.4017637096247,673.9930749840586,662.4086887255661,0.49566582947842863
2011-02-28,1357.5090922237564,692.3906652988301,665.1184269249263,0.489955043936675
2011-03-07,1377.273204453583,709.7416885199405,667.5315159336426,0.4846761802778831
2011-03-14,1387.9881486725249,719.4996698384954,668.4884788340295,0.4816240538317085
2011-03-21,1386.8922299593169,719.1368631387066,667.7553668206102,0.4814760313713764
2011-03-28,1384.8181666395599,718.8469798307647,665.9711868087952,0.48090875961344465
2011-04-04,1387.1850609730834,721.1656898604551,666.0193711126283,0.48012294094735175
2011-04-11,1401.1352767014314,731.7854078255158,669.3498688759156,0.47771966062528
2011-04-18,1405.575560933379,734.7838482191386,670.7917127142404,0.4772363232246284
2011-05-02,1404.3482556101997,734.1655901027435,670.1826655074561,0.47721970873688796
2011-05-09,1374.8335200837478,708.3781560748347,666.4553640089131,0.48475350235009984
2011-05-16,1361.371367679985,696.7865045207545,664.5848631592305,0.4881730870334076
2011-05-23,1364.9541938860843,699.6087154839864,665.3454784020979,0.48744894252299426
2011-05-30,1356.3801395485455,692.2918148504842,664.0883246980612,0.48960339755423943
2011-06-06,1358.6466421368782,695.9385935091874,662.7080486276908,0.4877707183564552
2011-06-13,1367.471298119507,702.6397740908596,664.8315240286474,0.4861758524240309
2011-06-20,1371.676507052132,706.6313460507984,665.0451610013336,0.4848411105549815
2011-06-27,1342.7836954054853,683.322139597475,659.4615558080103,0.49111525412800777
2011-07-04,1339.1198530537272,675.4146398155812,663.705213238146,0.49562793929507765
2011-07-11,1359.8031622361184,691.5213308093289,668.2818314267895,0.4914548296297814
2011-07-18,1373.726222612532,703.2348121239689,670.491410488563,0.48808226810538163
2011-07-25,1383.740725981979,711.7366159887061,672.0041099932729,0.4856430813773885
2011-08-01,1388.7178681882947,715.4209335300881,673.2969346582066,0.48483349287971794
2011-08-08,1371.79878494756,701.2694991110551,670.529285836505,0.48879565516027
2011-08-22,1346.85479842787,681.3695726698037,665.4852257580663,0.49410317024141037
2011-08-29,1347.7406170899596,682.4310651169142,665.3095519730455,0.4936480681346395
2011-09-05,1361.0364632344429,693.2839976569597,667.7524655774831,0.49062055544830807
2011-09-12,1371.2819963964628,701.3125776717479,669.9694187247148,0.48857158519203253
2011-09-19,1376.39147953376,705.3437163124,671.04776322136,0.48754135229656553
2011-09-26,1373.6552175734805,703.4705737592503,670.1846438142302,0.4878841759128544
2011-10-03,1375.9120669796125,704.6053933946711,671.3066735849414,0.4878994012012604
2011-10-10,1375.4149506736085,704.4594147148218,670.9555359587866,0.48782044693507703
2011-10-17,1384.8811129986425,712.6602258683182,672.2208871303243,0.48539970747003985
2011-10-24,1397.543942814638,723.2139964873483,674.3299463272898,0.4825107287640607
2011-10-31,1400.9989119716492,726.170837722124,674.8280742495252,0.4816763728244645
2011-11-07,1406.2507572635423,728.0105822014297,678.2401750621126,0.4823038647686965
2011-11-14,1413.6933594210598,734.8429425602908,678.850416860769,0.48019636814222144
2011-11-21,1425.89007642908,745.4997709378937,680.3903054911863,0.4771688342169531
2011-11-28,1409.781004716399,732.3461568957784,677.4348478206205,0.48052487978932434
2011-12-05,1414.9351200779304,735.9413975751186,678.9937225028118,0.47987622391153517
2011-12-12,1424.3121850994428,729.3706445484934,694.9415405509494,0.48791377889000503
2011-12-19,1425.8756948719479,729.446297819226,696.4293970527219,0.4884222373362395
2012-01-09,1464.000448723457,753.9173162201623,710.0831325032948,0.48502931342845934
2012-01-16,1482.4047474263239,768.8892906079062,713.5154568184176,0.48132297070498936
2012-01-23,1476.2639718549758,763.2804806022947,712.9834912526811,0.4829647711017381
2012-01-30,1465.5071895212754,754.1388062891752,711.3683832321002,0.4854076379280519
2012-02-06,1468.7915396079593,755.3658681495742,713.4256714583851,0.4857228900220982
2012-02-13,1485.5367082674918,770.4270121960556,715.1096960714362,0.4813813701752503
2012-02-20,1501.884070629515,783.6264500127036,718.2576206168114,0.4782377246439225
2012-02-27,1505.6321722635635,787.6587934026942,717.9733788608693,0.47685842006249773
2012-03-05,1508.983186474639,788.7044699917401,720.278716482899,0.47732719816822455
2012-03-12,1515.0747725368572,794.1755777996766,720.8991947371806,0.4758175687461942
2012-03-19,1527.467768613476,803.5233526856559,723.94441592782,0.4739506985374651
2012-03-26,1525.1178233574744,802.3389950088557,722.7788283486187,0.47391671468205354
2012-04-02,1521.1552357350877,798.2248455071222,722.9303902279655,0.47525089697937006
2012-04-16,1522.491554179393,799.0292704830418,723.4622836963512,0.4751831179032647
2012-04-23,1514.2364037516209,791.7347256131518,722.5016781384691,0.4771392870680056
2012-04-30,1503.7419674594246,782.2172889310636,721.5246785283609,0.47981947311570916
2012-05-07,1509.2665580595892,786.1099623055611,723.1565957540281,0.4791443843317943
2012-05-14,1484.5348441784236,765.7603844736772,718.7744597047464,0.4841748663046929
2012-05-21,1474.7316520426557,758.6823595286631,716.0492925139926,0.4855454831543015
2012-05-28,1470.3907281317604,754.331282528758,716.0594456030024,0.4869858275785026
2012-06-04,1455.9981095791547,743.4389260188999,712.5591835602548,0.4893956790687144
2012-06-11,1441.6249735384995,728.1587600468122,713.4662134916873,0.4949041717420233
2012-06-18,1434.672847347559,722.048618684158,712.6242286634009,0.4967154916055667
2012-06-25,1417.5357853390565,706.727556420759,710.8082289182975,0.5014393543146293
2012-07-02,1414.451242639417,703.8350787014576,710.6161639379593,0.5023970728124385
2012-07-09,1444.9825615110628,728.4448716396935,716.5376898713694,0.49587981817722687
2012-07-16,1459.815397460368,739.397779483838,720.4176179765301,0.49349912271773283
2012-07-23,1487.2693595445237,761.7984353669847,725.470924177539,0.4877871782416835
2012-07-30,1490.779717886991,763.7919636655333,726.9877542214576,0.48765605374070914
2012-08-06,1493.2091342556187,766.7188868992965,726.4902473563221,0.48652946910781225
2012-08-13,1519.3188936321064,787.2653629809738,732.0535306511326,0.481830071171612
2012-08-20,1542.5490750223828,806.1156742107408,736.433400811642,0.47741327179555443
2012-08-27,1548.2507419050132,811.6823085757351,736.5684333292782,0.4757423415944776
2012-09-03,1535.9476673789459,803.6909689114966,732.2566984674493,0.47674586447142825
2012-09-10,1544.5165159782143,811.1639267923327,733.3525891858816,0.47481045466284005
2012-09-17,1533.2010606818656,802.4781461941812,730.7229144876843,0.4765995362426292
2012-09-24,1516.0941989130959,787.5913727456485,728.5028261674473,0.4805129039407438
2012-10-01,1514.7548823726986,785.741759447972,729.0131229247266,0.4812746480690044
2012-10-08,1523.8615461300408,794.2746313204099,729.5869148096309,0.47877506763161715
2012-10-15,1523.7086558703977,794.6396898819303,729.0689659884674,0.47848318192561345
2012-10-22,1518.6901222180616,791.2369847310421,727.4531374870195,0.47900037462847733
2012-10-29,1506.7518465053445,780.8246072517039,725.9272392536406,0.48178287681366094
2012-11-05,1500.6204291863376,774.9191052040635,725.7013239822741,0.4836008559311444
2012-11-12,1492.1481730132982,768.423421281821,723.7247517314772,0.48502204058593
2012-11-19,1488.9249392982283,765.8478897406987,723.0770495575296,0.48563700591806586
2012-11-26,1490.4543825618236,767.3226765501091,723.1317060117145,0.48517533610708763
2012-12-03,1485.7769244049257,763.7802131465864,721.9967112583392,0.4859388373846962
2012-12-10,1473.412571239194,751.1877082179265,722.2248630212675,0.4901715087267444
2012-12-17,1457.6685774565403,737.8537893575237,719.8147880990166,0.49381237904915837
2013-01-07,1461.1372833868472,740.4319259745477,720.7053574122996,0.493249584147041
2013-01-14,1463.1934873607447,742.4213752500118,720.7721121107329,0.4926020504716949
2013-01-21,1455.5985813029135,737.0259079952654,718.5726733076482,0.49366128995842395
2013-01-28,1457.3222215587384,740.0749982678997,717.2472232908387,0.49216790403681465
2013-02-04,1460.8660884924545,743.2040935131665,717.661994979288,0.4912578918988267
2013-02-11,1472.5024989704775,752.0134230595191,720.4890759109584,0.48929565580683176
2013-02-18,1481.4777565406177,760.1370487702274,721.3407077703904,0.48690620199035933
2013-02-25,1473.6195640128933,754.8750619708874,718.7445020420059,0.48774087939274763
2013-03-04,1470.3308338728418,750.8205057885143,719.5103280843275,0.4893526759478627
2013-03-11,1456.945905078777,740.5248869259655,716.4210181528116,0.49172794655960456
2013-03-18,1456.6626870344849,739.2102643804698,717.4524226540151,0.49253161287094205
2013-03-25,1454.235954924527,737.0638681123509,717.1720868121762,0.4931607449146012
2013-04-01,1449.7713601466596,733.6367637685308,716.1345963781288,0.49396381806416995
2013-04-08,1457.3724311939307,738.9740365560579,718.3983946378728,0.4929408428903349
2013-04-15,1435.2376307656905,720.6621795656532,714.5754512000373,0.49787953986324596
2013-04-22,1408.4243633435824,698.9851891705031,709.4391741730793,0.5037112340835112
2013-04-29,1405.2352535705081,695.2349510716481,710.00030249886,0.505253693781769
2013-05-06,1395.8994518423804,687.4989172717204,708.4005345706599,0.5074867918571615
2013-05-13,1405.8343787897552,695.9321590611229,709.9022197286323,0.504968601166069
2013-05-20,1417.744296740787,706.1523123478403,711.5919843929466,0.5019184249436275
2013-05-27,1417.005385857347,706.3457647651637,710.6596210921832,0.5015221735817219
2013-06-03,1413.5775984904305,704.5684268721805,709.0091716182501,0.5015707467176942
2013-06-10,1408.336805290518,700.3118357825232,708.0249695079948,0.5027383839208408
2013-06-17,1407.2312010733644,698.6275055562203,708.6036955171442,0.5035446165325621
2013-06-24,1409.8777822207064,702.4423533834934,707.4354288372131,0.5017707476196466
2013-07-01,1418.3236187496218,706.5061985180522,711.8174202315696,0.5018723589043098
2013-07-08,1425.2229629578092,712.6347611411268,712.5882018166824,0.49998366595064264
2013-07-15,1441.8102962978405,726.4372580384897,715.3730382593508,0.49616308060514314
2013-07-22,1453.6046631284453,735.1983409832334,718.4063221452119,0.49422400764665897
2013-07-29,1443.926562359972,727.5932019157034,716.3333604442686,0.49610096463180525
2013-08-05,1444.886831668978,728.7708490969416,716.1159825720364,0.49562081048579854
2013-08-12,1442.2839420775877,725.7843195792335,716.4996224983541,0.49678125200939804
2013-08-19,1445.0008084361484,728.0303620850635,716.9704463510849,0.49617304167948934
2013-08-26,1450.0676732379272,732.4283518963742,717.639321341553,0.4949005722878443
2013-09-02,1467.478080785885,746.1211016731264,721.3569791127585,0.4915623535081676
2013-09-09,1473.9316290106333,751.1730576147885,722.7585713958448,0.49036098905143355
2013-09-16,1475.0855731499737,751.4614230026785,723.6241501472952,0.4905641837456459
2013-09-23,1459.4267698838044,738.794268060032,720.6325018237724,0.4937777740510729
2013-09-30,1448.918208919048,729.689030311668,719.22917860738,0.4963904616423823
2013-10-07,1439.7672431357257,721.3266074223322,718.4406357133935,0.49899776449190036
2013-10-14,1439.303097946268,721.4112484355543,717.8918495107138,0.4987773947927083
2013-10-21,1437.8101498293827,720.0190324337133,717.7911173956694,0.49922524018963554
2013-10-28,1425.4898326838697,710.3274060414407,715.1624266424291,0.5016959154987044
2013-11-04,1419.7263422435992,704.9878954366488,714.7384468069504,0.5034339545165065
2013-11-11,1416.2237785210782,702.0182192159645,714.2055593051138,0.5043027593075284
2013-11-18,1420.432954715344,705.6198052114846,714.8131495038594,0.5032361063793459
2013-11-25,1427.1192717649685,710.9283714983013,716.1909002666672,0.5018437592682277
2013-12-02,1437.0952715617423,718.4992418117791,718.5960297499631,0.5000336748509647
2013-12-09,1436.9463245547477,719.486843843336,717.4594807114116,0.49929455850323684
2013-12-16,1427.5214012618799,712.2537115189582,715.2676897429217,0.5010556683147794
2014-01-06,1432.7687812185209,712.8496204584067,719.9191607601142,0.50246709043161
2014-01-13,1422.8149155276765,704.6070601150062,718.2078554126703,0.5047795377843013
2014-01-20,1418.2000378973814,700.0626906796808,718.1373472177006,0.5063723931938463
2014-01-27,1419.5273039717606,701.3212667186059,718.2060372531547,0.5059473215088242
2014-02-03,1419.096986652575,701.252027008926,717.844959643649,0.5058462997211568
2014-02-10,1419.304669273439,701.9155519203916,717.3891173530474,0.5054511077739837
2014-02-17,1423.288436805874,703.8484316710654,719.4400051348085,0.5054773063071929
2014-02-24,1424.3629324717988,705.5077295558135,718.8552029159853,0.5046854186724057
2014-03-03,1421.9844330662286,703.2374476188012,718.7469854474274,0.5054534836908106
2014-03-10,1414.898564403647,698.307368585883,716.5911958177641,0.5064611795120406
2014-03-17,1402.5879245981741,688.4929941910602,714.0949304071139,0.5091266778242756
2014-03-24,1396.83811127802,683.2616326170663,713.5764786609537,0.5108512381639384
2014-03-31,1404.5496796934756,688.9342369980029,715.6154426954727,0.5094981352682707
2014-04-07,1407.739851398615,689.8903662067208,717.8494851918941,0.5099304992173787
2014-04-14,1408.2728593930854,690.5580796046662,717.7147797884192,0.5096418460395014
2014-04-28,1418.8872172086396,698.6261168416514,720.2611003669882,0.5076239264343713
2014-05-05,1413.500818661266,694.1209545820282,719.3798640792379,0.5089348761471297
2014-05-12,1411.3950707922652,691.4016953650296,719.9933754272356,0.5101288720124821
2014-05-19,1412.3248188191783,692.2157739623643,720.109044856814,0.5098749489220796
2014-05-26,1420.6431742789505,698.4370849886601,722.2060892902904,0.5083655786097357
2014-06-02,1418.588299669232,696.986279460999,721.602020208233,0.5086761397767674
2014-06-09,1411.0894330498934,690.2710630354923,720.8183700144011,0.5108240152124465
2014-06-16,1417.5076194029452,694.5552077535491,722.9524116493961,0.5100165965625666
2014-06-23,1427.518362746921,703.1625466317597,724.3558161151612,0.5074231162402073
2014-06-30,1430.5753464853453,706.0553753980643,724.5199710872811,0.506453555813953
2014-07-07,1428.0213498865662,703.3867000719378,724.6346498146285,0.5074396470838404
2014-07-14,1419.1924464551882,696.3088293817862,722.8836170734021,0.5093626441424465
2014-07-21,1414.794574463912,692.3466735104623,722.4479009534498,0.5106380205247795
2014-07-28,1415.2879557655453,692.3949573849304,722.8929983806149,0.5107745002956616
2014-08-04,1412.147100339283,690.9185841074107,721.2285162318724,0.5107318607661976
2014-08-11,1414.884101175061,693.315206363965,721.568894811096,0.5099844532932649
2014-08-18,1410.2835942707209,689.6720423329306,720.6115519377903,0.5109692510536716
2014-08-25,1403.6354001328116,683.5420840815372,720.0933160512744,0.5130202016728413
2014-09-01,1411.2929229723122,689.585080870544,721.7078421017683,0.511380614438132
2014-09-08,1407.5557218709046,687.46467985822,720.0910420126845,0.5115897231091846
2014-09-15,1408.6968647835333,687.8733502511839,720.8235145323495,0.5116952642917356
2014-09-22,1405.7075687788906,684.3431212059266,721.364447572964,0.5131682176255183
2014-09-29,1402.0249022273174,681.0014500849336,721.0234521423838,0.5142729283887432
2014-10-06,1397.5863970572739,677.2935461616387,720.2928508956352,0.5153834155886658
2014-10-13,1385.9110764421814,667.8664656792572,718.0446107629242,0.5181029453969301
2014-10-20,1356.7896465645358,644.3097912381976,712.4798553263382,0.5251218249861911
2014-10-27,1355.644035163791,643.21931557314,712.424719590651,0.5255249173907034
2014-11-03,1355.9719319456985,642.658907862719,713.3130240829795,0.5260529420099714
2014-11-10,1353.9889218727858,641.3550694986583,712.6338523741275,0.5263217747663989
2014-11-17,1346.3474925553994,636.4853562404229,709.8621363149765,0.5272503125977094
2014-11-24,1333.4800511449293,624.9493803743933,708.5306707705361,0.5313395353475215
2014-12-01,1316.3822343029447,610.8981953819674,705.4840389209772,0.5359264357548457
2014-12-08,1292.7273468155433,590.4993875390418,702.2279592765016,0.5432142833570776
2014-12-15,1261.4220024040071,565.805262374826,695.6167400291811,0.5514544210450434
2015-01-05,1219.7664609244046,524.2330230384149,695.5334378859897,0.5702185296674555
2015-01-12,1196.0760568789037,504.45559334356585,691.6204635353379,0.5782412076202615
2015-01-19,1176.7382511685237,487.07278513836616,689.6654660301575,0.5860823044932095
2015-01-26,1179.8496567918223,487.0658726690268,692.7837841227955,0.5871797140718524
2015-02-02,1185.1955201812193,491.54155954367724,693.653960637542,0.5852654256839248
2015-02-09,1218.8223968592697,518.2865539728724,700.5358428863973,0.5747644978395355
2015-02-16,1244.3168206867808,539.5601766795079,704.7566440072729,0.5663803882505533
2015-02-23,1265.3126684587796,556.0672099022644,709.2454585565152,0.5605298012391002
2015-03-02,1279.2062734046524,566.4785885188852,712.7276848857672,0.5571640006023559
2015-03-09,1289.167557493538,573.1285973467651,716.0389601467729,0.5554273810139393
2015-03-16,1291.3701597138886,574.2729312816244,717.0972284322642,0.555299518916514
2015-03-23,1273.2725803745502,561.6693107190883,711.6032696554619,0.5588774003490551
2015-03-30,1272.0598941259782,560.5975265330526,711.4623675929256,0.5592994251907969
2015-04-13,1272.625840586861,559.3708365146616,713.2550040721993,0.5604593128042156
2015-04-20,1291.725233238393,574.6237671832201,717.1014660551729,0.555150157017045
2015-04-27,1305.7532396614954,586.0019974919838,719.7512421695116,0.5512153600753084
2015-05-04,1305.178016563009,587.9120240176068,717.2659925454021,0.5495541477431675
2015-05-11,1315.1202105388152,594.0801313250456,721.0400792137696,0.5482693319102394
2015-05-18,1311.8681228607606,592.4232870060899,719.4448358546707,0.5484124686906744
2015-05-25,1317.0036272472357,594.7001829945397,722.3034442526961,0.548444536756846
2015-06-01,1311.3823891699276,591.464402908819,719.9179862611086,0.5489764024639668
2015-06-08,1304.8800774913796,587.7746152541273,717.1054622372523,0.5495566026388273
2015-06-15,1301.8026522481125,584.0043267900046,717.7983254581079,0.551387972837915
2015-06-22,1300.393322266855,582.074996062705,718.3183262041499,0.5523854313185584
2015-06-29,1297.5592116616854,578.9777952535375,718.5814164081479,0.5537947015827627
2015-07-06,1293.2910478246897,575.5567048948923,717.7343429297974,0.554967378871928
2015-07-13,1281.4448587300558,565.6869346489341,715.7579240811217,0.5585553831715052
2015-07-20,1275.668576633209,558.8625836289843,716.8059930042248,0.5619061299573948
2015-07-27,1258.616265975979,546.9153956349436,711.7008703410355,0.565462952911351
2015-08-03,1243.3772347987865,533.1467645373182,710.2304702614683,0.571210772068224
2015-08-10,1228.9299417990849,522.1040146468097,706.8259271522752,0.5751555911458398
2015-08-17,1216.0536491923428,511.60297958176017,704.4506696105827,0.5792924268419016
2015-08-24,1196.991397956555,498.76025937126667,698.2311385852882,0.5833217680405007
2015-08-31,1175.0404750886894,480.18493734904143,694.855537739648,0.5913460450689597
2015-09-07,1187.109884339755,490.4236648522748,696.6862194874801,0.5868759317718613
2015-09-14,1193.1794104251553,495.5384668514506,697.6409435737047,0.5846907325740061
2015-09-21,1187.8489961552782,489.963113438303,697.8858827169752,0.5875207075780077
2015-09-28,1179.042594780791,484.42812438853326,694.6144703922578,0.5891343310810593
2015-10-05,1177.601451942856,483.6313020760514,693.9701498668047,0.5893081642535883
2015-10-12,1185.4550577259008,489.95286390690876,695.502193818992,0.5866963823607095
2015-10-19,1175.3523044085257,480.7232459017943,694.6290585067313,0.5909964662521257
2015-10-26,1168.9235576168035,474.0932995594916,694.8302580573119,0.5944189023565655
2015-11-02,1172.6139547374678,476.46202273883625,696.1519319986315,0.5936752920141484
2015-11-09,1183.8142091788081,485.8165331335064,697.9976760453017,0.5896175857945571
2015-11-16,1186.898903895707,487.119972543456,699.778931352251,0.5895859614120434
2015-11-23,1179.1832600296361,480.0612055475728,699.1220544820633,0.5928866853694077
2015-11-30,1176.7993582662011,478.47342540111975,698.3259328650813,0.5934112114863294
2015-12-07,1161.9213211482427,467.54765316463386,694.3736679836088,0.597608164464535
2015-12-14,1128.743158588134,441.22026936166134,687.5228892264727,0.6091048118390786
2016-01-04,1090.513818167745,404.4104726806897,686.1033454870553,0.6291560309064488
2016-01-11,1080.9675069274406,398.0283919464302,682.9391149810103,0.6317850542262898
2016-01-18,1053.7271022153302,377.8113465447582,675.915755670572,0.6414523781817353
2016-01-25,1036.6334802943932,363.1890200094899,673.4444602849032,0.6496456781365503
2016-02-01,1039.3939931405118,365.3992160300539,673.994777110458,0.6484497520271345
2016-02-08,1043.913789021536,370.66053968007674,673.2532493414594,0.6449318482252274
2016-02-15,1029.240032497739,357.0406395306585,672.1993929670806,0.6531026502494278
2016-02-22,1041.0888056260737,367.69886550378226,673.3899401222915,0.6468131599180329
2016-02-29,1044.799383909637,371.0949152215923,673.7044686880447,0.6448170615942019
2016-03-07,1059.187334606608,381.5961863261594,677.5911482804486,0.6397273892366852
2016-03-14,1082.1112842722032,400.25740036427106,681.8538839079322,0.6301143827055897
2016-03-21,1089.3871292088782,406.9764415750522,682.410687633826,0.6264170645465568
2016-04-04,1084.3130950824072,404.1386148368529,680.1744802455544,0.6272860517227835
2016-04-11,1071.8415617299638,394.4329289519036,677.4086327780602,0.6320044463332019
2016-04-18,1087.1932160861409,406.85990246957255,680.3333136165684,0.625770381520357
2016-04-25,1101.6399985614305,417.00056925375674,684.6394293076737,0.6214729223718326
2016-05-02,1116.789089038617,430.16828704590716,686.6208019927099,0.6148168967014035
2016-05-09,1117.0811427398596,431.50303187290325,685.5781108669564,0.6137227499744936
2016-05-16,1123.6166068897219,436.8247134916374,686.7918933980845,0.6112333060822144
2016-05-23,1142.7394967436078,451.5653443044444,691.1741524391634,0.6048396457887021
2016-05-30,1168.0174204936798,470.7095998719757,697.3078206217041,0.5970012162378338
2016-06-06,1169.8809358990447,474.7447810666148,695.13615483243,0.5941939333323891
2016-06-13,1167.1457179631211,473.4956150905309,693.6501028725902,0.5943131968843909
2016-06-20,1164.2090565919525,468.8749622913523,695.3340943006002,0.5972587915920243
2016-06-27,1153.060896348313,466.20480884131496,686.856087506998,0.595680670190306
2016-07-04,1152.9253235485517,466.3317062522529,686.5936172962988,0.5955230605769457
2016-07-11,1142.3734951517254,458.4165868778159,683.9569082739094,0.5987156662655843
2016-07-18,1140.7910614623434,455.1942823054371,685.5967791569062,0.600983652762901
2016-07-25,1135.9802960951772,451.37740648257284,684.6028896126044,0.6026538417663236
2016-08-01,1119.7184976418332,438.472685064487,681.2458125773462,0.6084081079414817
2016-08-08,1108.9404662809604,429.18996516449505,679.7505011164653,0.612972942899393
2016-08-15,1111.547454740363,432.6906791436186,678.8567755967445,0.6107312582127344
2016-08-22,1129.4080062908972,447.30831092365315,682.0996953672441,0.6039444483905654
2016-08-29,1141.0818275195768,456.4128277215035,684.6689997980733,0.6000174424706863
2016-09-05,1138.093636257005,452.4128215150526,685.6808147419524,0.6024818985870434
2016-09-12,1141.174729421575,455.8072875147657,685.3674419068093,0.6005806334795024
2016-09-19,1135.2140761121047,451.4808618152798,683.7332142968249,0.6022945175578539
2016-09-26,1134.6277893837976,452.46206289849727,682.1657264853003,0.601224236589319
2016-10-03,1140.8496566034,457.28673671061085,683.5629198927892,0.5991700273004684
2016-10-10,1153.9249503324288,470.33942032907686,683.585530003352,0.5924003374798518
2016-10-17,1166.7555333018204,481.53777221958734,685.217761082233,0.5872847751946152
2016-10-24,1174.769522706684,486.9862609570196,687.7832617496645,0.5854622957573865
2016-10-31,1175.3679689094909,488.5604956593296,686.8074732501613,0.5843340055347798
2016-11-07,1167.8759577634655,481.71273499535494,686.1632227681106,0.5875309087466307
2016-11-14,1159.5742947628655,472.583484386477,686.9908103763885,0.5924508791537838
2016-11-21,1157.472942728141,470.921782066718,686.5511606614232,0.5931466173569773
2016-11-28,1171.920672200858,482.41777531231344,689.5028968885446,0.5883528751085715
2016-12-05,1185.4511260715353,493.0386808153867,692.4124452561487,0.5840919376834481
2016-12-12,1201.941550047185,506.13558380701426,695.8059662401708,0.5789016664020438
2016-12-19,1218.1520016812967,519.5702632557687,698.581738425528,0.5734766576431706
2017-01-02,1234.119842690143,536.0736768143805,698.0461658757625,0.5656226743378152
2017-01-09,1246.086595418654,540.480872494461,705.6057229241931,0.5662573736997204
2017-01-16,1239.3129861302018,535.5072780402405,703.8057080899613,0.5678998896700173
2017-01-23,1238.4438735693527,533.4848522609461,704.9590213084066,0.5692296892523881
2017-01-30,1242.258124060133,535.287514594745,706.9706094653881,0.5691012163838877
2017-02-06,1242.1560851887732,535.4679437696493,706.6881414191239,0.5689205646903279
2017-02-13,1245.1326622122817,537.2176760036183,707.9149862086634,0.5685458326592123
2017-02-20,1245.7076123898046,538.0041479889434,707.7034644008612,0.5681136226206249
2017-02-27,1247.0839264477745,539.2756327101083,707.8082937376662,0.5675706973096873
2017-03-06,1243.2356282034955,536.9422768974175,706.293351306078,0.5681090014502628
2017-03-13,1234.2480277517395,530.5859201035497,703.6621076481898,0.5701140223249573
2017-03-20,1220.2526427429584,517.7731470317266,702.4794957112318,0.5756836503399456
2017-03-27,1210.3018729492196,509.08863885099674,701.2132340982229,0.5793705271144727
2017-04-03,1212.593949403683,510.20087549167346,702.3930739120094,0.5792483743279645
2017-04-10,1225.252053031124,520.7220950701279,704.5299579609961,0.5750081840043239
2017-04-24,1236.9371021692643,530.0781851484384,706.858917020826,0.5714590626970282
2017-05-01,1225.7177057668553,520.4990253003132,705.2186804665421,0.5753516304354359
2017-05-08,1208.7552283107386,506.2584744797183,702.4967538310203,0.5811737044668461
2017-05-15,1197.3517728814672,497.23454799436115,700.1172248871061,0.5847214166662571
2017-05-22,1197.083920396072,498.2890105290427,698.7949098670293,0.5837476370376967
2017-05-29,1198.2145868725588,499.66438336533275,698.5502035072261,0.5829925717483553
2017-06-05,1192.3555064454524,494.850454852167,697.5050515932854,0.5849807778156931
2017-06-12,1172.487971748993,479.9031692260614,692.5848025229316,0.5906967228753802
2017-06-19,1165.2261745568221,472.8846235173644,692.3415510394577,0.5941692404075805
2017-06-26,1155.9359277006063,465.52075621816283,690.4151714824434,0.5972780626827828
2017-07-03,1153.682587906783,463.5157430688219,690.1668448379612,0.5982294021531391
2017-07-10,1159.4716940515993,468.8025795444961,690.6691145071032,0.5956757013132973
2017-07-17,1162.2790122188685,470.28884664920713,691.9901655696614,0.595373536211934
2017-07-24,1162.216300829894,471.74354576253796,690.472755067356,0.5941000436616799
2017-07-31,1164.818078092977,473.92526852764905,690.892809565328,0.5931336597183035
2017-08-07,1175.3802329510736,483.5702887081422,691.8099442429314,0.5885839533867069
2017-08-14,1176.718786499464,485.17910128158275,691.5396852178812,0.5876847494507103
2017-08-21,1172.7774198986324,484.45687238974836,688.320547508884,0.5869149045932162
2017-08-28,1171.7553874385474,484.3280248504891,687.4273625880583,0.5866645632334336
2017-09-04,1178.717452982172,489.6202483939475,689.0972045882245,0.5846161035834319
2017-09-11,1194.7332852359739,502.19245974971415,692.5408254862598,0.5796614474915838
2017-09-18,1201.582236508453,505.8086811074359,695.7735554010171,0.5790478040211294
2017-09-25,1209.6188205546543,512.0990282367233,697.5197923179311,0.5766442952649272
2017-10-02,1219.1181849666036,520.3259689213754,698.7922160452282,0.5731948097094219
2017-10-09,1218.269751477883,520.0757954490591,698.1939560288238,0.5731029233729596
2017-10-16,1215.5903510260246,517.0435672191792,698.5467838068454,0.5746564072487362
2017-10-23,1217.9544717614665,519.2356366806458,698.7188350808207,0.5736822280969983
2017-10-30,1222.834624585815,522.6165325340305,700.2180920517844,0.5726187973201646
2017-11-06,1234.0449123682165,532.2393078087998,701.8056045594167,0.5687034544088058
2017-11-13,1237.433322620632,535.457296779141,701.976025841491,0.5672839198760614
2017-11-20,1243.5887830643849,540.7087066902342,702.8800763741507,0.5652029721932288
2017-11-27,1243.3156504280107,540.5954536950683,702.7201967329424,0.5651985451088236
2017-12-04,1244.566343663869,540.3843660543666,704.1819776095024,0.5658050944367229
2017-12-11,1239.6664355780022,536.837790490824,702.8286450871782,0.566949805944758
2017-12-18,1246.0540464231578,542.0685441493323,703.9855022738255,0.5649718840805026
2018-01-01,1256.6428715807324,551.1572355669762,705.4856360137562,0.5614050355661709
2018-01-08,1279.3382836733444,560.3513139390869,718.9869697342575,0.5619991044666006
2018-01-15,1278.977391468934,560.5128461678627,718.4645453010713,0.5617492147190333
2018-01-22,1280.4904466806515,561.0494106787535,719.441036001898,0.5618480308594784
2018-01-29,1282.458865928109,562.3159928782691,720.1428730498399,0.5615329210022468
2018-02-05,1279.6910452549791,560.7874051264832,718.9036401284959,0.5617790659660777
2018-02-12,1268.8087958827568,551.9131894128598,716.8956064698971,0.5650146884197209
2018-02-19,1253.1612379070255,538.3180268441197,714.8432110629058,0.570431951962387
2018-02-26,1254.3632826457904,539.0350584431305,715.3282242026598,0.5702719731191747
2018-03-05,1254.0642485836715,540.0080444178982,714.0562041657734,0.5693936375047943
2018-03-12,1249.0570042474603,535.3646582176546,713.6923460298058,0.5713849276717323
2018-03-19,1250.6408484047925,535.8989272954449,714.7419211093476,0.5715005407195916
2018-03-26,1261.5506148184388,544.8319966038498,716.718618214589,0.568125138853615
2018-04-09,1274.1277765652057,554.9227907143315,719.2049858508742,0.5644684929400937
2018-04-16,1287.2179627701487,565.0252422888758,722.1927204812729,0.5610492871984811
2018-04-23,1293.340717622638,571.2682019760994,722.0725156465387,0.5583003038625588
2018-04-30,1304.5247616076344,581.1912844831959,723.3334771244386,0.5544804502085776
2018-05-07,1311.6240087564543,587.2631784539523,724.360830302502,0.5522625580704837
2018-05-14,1329.237361250843,601.8789751537633,727.3583860970796,0.5471997758268083
2018-05-21,1351.6270800440325,620.338571286766,731.2885087572665,0.5410431024609562
2018-05-28,1366.2854018814555,632.5122455033368,733.7731563781188,0.5370570126619737
2018-06-04,1369.215518723755,634.9633154580416,734.2522032657133,0.5362575819693524
2018-06-11,1359.24074096147,626.8251254168439,732.4156155446261,0.5388417176390299
2018-06-18,1354.8335841059607,622.8416033545599,731.9919807514008,0.5402818392890917
2018-06-25,1345.735336278429,615.8861512514601,729.8491850269689,0.5423422907548332
2018-07-02,1344.7010968791074,616.0040215027885,728.6970753763188,0.5419026407188473
2018-07-09,1350.3907453500403,619.7051269841968,730.6856183658435,0.5410919919896515
2018-07-16,1350.0673479194743,619.1804489297904,730.8868989896839,0.5413706954071733
2018-07-23,1340.4765559657712,611.8398399877819,728.6367159779893,0.5435654303204351
2018-07-30,1344.5207816736392,614.5880290796435,729.9327525939957,0.5428943624697168
2018-08-06,1347.5880532426454,617.2988375387715,730.2892157038739,0.5419231893208085
2018-08-13,1347.4106488695788,617.5862703749582,729.8243784946206,0.5416495550980786
2018-08-20,1350.933753882994,620.7196739757671,730.214079907227,0.5405254534564481
2018-08-27,1353.4302678747833,623.3766473573431,730.0536205174402,0.5394098520227444
2018-09-03,1360.846518299637,629.5384122071507,731.3081060924862,0.5373920543267787
2018-09-10,1375.7143399251768,641.2081040830967,734.5062358420801,0.5339089769770291
2018-09-17,1377.737822238067,642.3241338746982,735.4136883633689,0.5337834793333363
2018-09-24,1373.7449255599734,639.4923760369581,734.2525495230152,0.5344897264852244
2018-10-01,1380.8045569863862,644.9166251560358,735.8879318303503,0.5329414131109401
2018-10-08,1408.5310381713696,667.2977858014665,741.2332523699031,0.526245593659201
2018-10-15,1417.551190779682,674.6258036911925,742.9253870884895,0.5240906938111106
2018-10-22,1415.6288333914445,673.322432035953,742.3064013554914,0.5243651328979618
2018-10-29,1420.6306662102395,678.0458274961289,742.5848387141106,0.5227149155487928
2018-11-05,1428.7122198108843,683.6419646956984,745.0702551151859,0.521497782957165
2018-11-12,1420.5722283167408,676.8174854761422,743.7547428405986,0.5235599626791844
2018-11-19,1403.2316654739946,663.8921404154793,739.3395250585153,0.5268834386008353
2018-11-26,1386.2932146002095,649.1102304198074,737.1829841804021,0.5317655575433202
2018-12-03,1361.6412279685137,629.1810526629687,732.460175305545,0.5379244989506753
2018-12-10,1340.1885435202323,612.3884340662476,727.8001094539848,0.5430579995425826
2018-12-17,1326.6734672438104,600.7833548470428,725.8901123967676,0.5471505463245739
2019-01-07,1285.4393552635606,565.8892304521445,719.5501248114161,0.5597697953349833
2019-01-14,1291.9840888193148,571.0395317356736,720.9445570836413,0.5580134951526218
2019-01-21,1303.2556956977846,579.545714291191,723.7099814065937,0.5553092795187113
2019-01-28,1309.09548101428,583.3911064079597,725.7043746063204,0.5543555723254415
2019-02-04,1310.1571556851472,584.9111641284426,725.2459915567047,0.5535564862655251
2019-02-11,1312.3320746721017,586.9914722413575,725.3406024307442,0.5527111745797856
2019-02-18,1321.8046983293605,594.8416292669236,726.9630690624368,0.5499776706659095
2019-02-25,1334.8779458287333,605.1562508777658,729.7216949509675,0.5466579901415135
2019-03-04,1343.8591564247818,611.3864466112548,732.472709813527,0.5450516940794642
2019-03-11,1347.8302762035237,615.0544698379186,732.775806365605,0.543670682654227
2019-03-18,1348.0774316421875,614.6601048509085,733.417326791279,0.5440468845308478
2019-03-25,1347.9821048608208,614.6329249454097,733.349179915411,0.5440348037788895
2019-04-01,1343.5837588692752,611.1194577867007,732.4643010825746,0.5451571561857798
2019-04-08,1349.107156951278,615.9911618357538,733.1159951155242,0.5434082766058591
2019-04-15,1359.4675618493388,624.6044279637006,734.8631338856383,0.5405521650593664
2019-04-29,1374.219836467325,637.1486282177509,737.071208249574,0.5363561118025671
2019-05-06,1379.7421415657604,640.8990896667763,738.8430518989842,0.5354935749520048
2019-05-13,1373.555781814658,636.7456068424829,736.8101749721752,0.5364253747297737
2019-05-20,1376.19434517382,639.9031427916877,736.2912023821323,0.5350197847885614
2019-05-27,1375.2824668837225,639.5661884225191,735.7162784612034,0.5349564879775398
2019-06-03,1366.7509728373275,632.6081646301324,734.1428082071951,0.5371445294698713
2019-06-10,1338.7560391838374,609.6352377652797,729.1208014185577,0.544625592772721
2019-06-17,1325.001039237008,598.2448198324898,726.7562194045181,0.5484948297270886
2019-06-24,1321.7265495227819,595.6208217834738,726.105727739308,0.5493615362432368
2019-07-01,1324.2666581037713,597.8340476379342,726.4326104658371,0.5485546328758455
2019-07-08,1320.319942480841,594.60783833689,725.712104143951,0.5496486728666387
2019-07-15,1327.4240765390878,600.7829908418245,726.6410856972633,0.547406890186737
2019-07-22,1327.5678544142334,600.8107984166578,726.7570559975755,0.5474349605416174
2019-07-29,1326.053675457333,600.2187597489118,725.8349157084211,0.5473646573605652
2019-08-05,1325.4188866316226,601.114777635159,724.3041089964636,0.5464718484864713
2019-08-12,1309.2190041552824,588.2540918983725,720.9649122569099,0.5506832011822818
2019-08-19,1309.7828739722693,588.3054728329785,721.4774011392908,0.5508374063185116
2019-08-26,1309.2875431208938,587.3492281128441,721.9383150080497,0.551397833731157
2019-09-02,1307.7763921185995,586.2408749421271,721.5355171764724,0.5517269783464923
2019-09-09,1315.9538141107112,591.5167768473024,724.4370372634088,0.5505033911490012
2019-09-16,1324.4123654323432,597.9396589469986,726.4727064853446,0.5485245573407145
2019-09-23,1341.756933930704,612.5941099290056,729.1628240016984,0.543438834234753
2019-09-30,1341.2953384068735,612.3393532801643,728.9559851267092,0.5434716458438812
2019-10-07,1333.2871280808472,606.0407371104183,727.2463909704289,0.5454536953471064
2019-10-14,1333.0212061218529,604.4420499025766,728.5791562192762,0.5465623148928931
2019-10-21,1334.5482168171143,603.7755675966991,730.7726492204151,0.5475805519888232
2019-10-28,1332.3190999623305,602.1440297604286,730.1750702019019,0.5480481892232474
2019-11-04,1333.114295582129,602.747722666915,730.366572915214,0.5478649320134145
2019-11-11,1334.0908138914817,603.2519999571384,730.8388139343433,0.5478178894002875
2019-11-18,1335.3656222183174,604.0871569318234,731.278465286494,0.5476241511082859
2019-11-25,1334.6197437210244,603.5660180101049,731.0537257109195,0.5477618094219739
2019-12-02,1338.4393532199963,606.4031904198771,732.0361628001192,0.5469326354152679
2019-12-09,1340.8170351125357,607.3786751517821,733.4383599607536,0.5470085334194725
2019-12-16,1345.9822926667096,610.7290085617394,735.2532841049701,0.5462577688509255
2020-01-06,1358.6602029052656,643.3356960117779,715.3245068934876,0.5264925736132455
2020-01-13,1357.233930808119,642.1751487520326,715.0587820560866,0.5268500630766938
2020-01-20,1344.2902390425688,631.5078788557289,712.7823601868399,0.5302295140478728
2020-01-27,1330.6790172210312,620.5819225405519,710.0970946804794,0.5336351482895062
2020-02-03,1310.9524547014198,604.5532764785661,706.3991782228537,0.5388442393082379
2020-02-10,1297.2511227334448,592.8009451038015,704.4501776296433,0.5430330067052034
2020-02-17,1293.804146535272,589.1419546392425,704.6621918960294,0.5446436338784905
2020-02-24,1292.2043796114235,588.4381153024904,703.7662643089332,0.5446245775150224
2020-03-02,1274.1827013204097,573.8690957444074,700.3136055760023,0.5496178882747987
2020-03-09,1252.4244584906462,555.9551416857869,696.4693168048593,0.5560968664283403
2020-03-16,1199.6333204117595,513.9754890649646,685.657831346795,0.5715561744412462
2020-03-23,1157.288296378497,481.1123000218621,676.175996356635,0.5842761898418855
2020-03-30,1141.8439804245877,467.9650132857182,673.8789671388695,0.5901672896574641
2020-04-06,1129.6711991628342,458.2232763800085,671.4479227828258,0.5943746492611443
2020-04-20,1110.3753288161563,441.49108552848855,668.8842432876677,0.6023947271962615
2020-04-27,1086.1723615519732,421.3459468023716,664.8264147496016,0.6120818741876906
2020-05-04,1070.4949957897295,408.58834341507594,661.9066523746535,0.6183183059967032
2020-05-11,1066.3814818883068,405.20229549328263,661.1791863950241,0.6200212565809318
2020-05-18,1067.558543616267,406.20460661593927,661.3539370003276,0.6195013294166009
2020-05-25,1081.6047721887892,417.42096198530004,664.1838102034892,0.6140725589250257
2020-06-01,1091.0116033277995,424.2155413304142,666.7960619973853,0.6111722918102122
2020-06-08,1098.173113434464,430.2257568155188,667.9473566189453,0.6082350300218003
2020-06-15,1107.9055234631116,438.5373243904246,669.368199072687,0.6041744398749485
2020-06-22,1115.8985351827428,445.4121880114063,670.4863471713365,0.6008488460481183
2020-06-29,1123.4035197381231,451.88056128916344,671.5229584489597,0.5977575703212133
2020-07-06,1125.5391766405091,457.96660261356607,667.5725740269431,0.5931135831446603
2020-07-13,1133.149014359242,464.16247754956123,668.9865368096808,0.590378254168072
2020-07-20,1134.1723012813252,464.7900446039056,669.3822566774196,0.5901945021238735
2020-07-27,1140.7708836476372,469.54530365038187,671.2255799972554,0.5883964866380517
2020-08-03,1135.8955492605367,464.8595886952936,671.035960565243,0.5907549871131063
2020-08-10,1136.3643608592458,465.0184297747581,671.3459310844878,0.5907840426963576
2020-08-17,1136.061298561163,464.79313687869404,671.2681616824691,0.5908731883857317
2020-08-24,1134.9596525719385,463.9787060579587,670.9809465139798,0.5911936560858936
2020-08-31,1132.3940242566264,461.80805345130466,670.5859708053217,0.5921843072648991
2020-09-07,1123.985164496334,455.7536742370475,668.2314902592864,0.594519848986375
2020-09-14,1110.8813037264733,444.83348615372694,666.0478175727465,0.5995670422559781
2020-09-21,1104.048872988039,439.6386756198487,664.4101973681902,0.601794190115883
2020-09-28,1098.4017444449883,435.4979788921434,662.9037655528448,0.6035166722061277
2020-10-05,1099.9253266800595,436.1634194016321,663.7619072784273,0.6034608815508246
2020-10-12,1103.4359243541062,438.92502579691694,664.5108985571892,0.6022197427967185
2020-10-19,1101.6779684297733,437.99944280623583,663.6785256235374,0.6024251592953987
2020-10-26,1098.7922701118773,435.60548637692125,663.1867837349561,0.6035597462543411
2020-11-02,1093.8148174019918,431.51680167564086,662.298015726351,0.6054937318360969
2020-11-09,1097.0496904649935,432.71182195354584,664.3378685114477,0.6055677097268608
2020-11-16,1110.4280157297383,443.96725302191754,666.4607627078208,0.6001836708612254
2020-11-23,1118.52747735397,450.70730460739753,667.8201727465724,0.597052988207668
2020-11-30,1131.5500154062925,461.3768680777594,670.1731473285331,0.5922611799778924
2020-12-07,1138.3264043330669,467.0850403622501,671.2413639708168,0.5896738944258171
2020-12-14,1148.2728516180387,474.93495463094456,673.3378969870942,0.586391898091372
2020-12-21,1156.5759341799708,482.4725261574208,674.10340802255,0.582844055544437
2021-01-11,1196.9891625117416,509.2699547247786,687.719207786963,0.5745408808412807
2021-01-18,1211.9319738813206,521.7077800096368,690.2241938716837,0.5695238748930593
2021-01-25,1216.7880250073138,525.5229134803621,691.2651115269516,0.5681064386895134
2021-02-01,1219.1125144543155,527.2670973819233,691.8454170723921,0.5674992331467188
2021-02-08,1232.9205717223522,538.4109424534482,694.509629268904,0.563304437607603
2021-02-15,1249.8172237323486,552.3096722466848,697.5075514856637,0.5580876453299997
2021-02-22,1267.1366656736698,566.8097553569036,700.3269103167662,0.5526845914007542
2021-03-01,1279.1939167085302,576.9782439241274,702.2156727844028,0.548951698106305
2021-03-08,1285.7061307249298,583.0881397549628,702.6179909699671,0.546484125866153
2021-03-15,1301.5915581179909,596.025364496253,705.5661936217379,0.5420795711382276
2021-03-22,1302.288495862902,596.5245855761716,705.7639102867304,0.5419412922165823
2021-03-29,1294.9738137490162,590.7815242120402,704.1922895369761,0.5437888257356362
2021-04-12,1294.0377101533948,589.5805806043708,704.457129549024,0.5443868629342478
2021-04-19,1295.1550957494162,590.611844469702,704.5432512797142,0.5439836924488523
2021-04-26,1296.7500356265166,592.0582618425076,704.691773784009,0.5434291532088076
2021-05-03,1299.3392664082648,594.1153576177625,705.2239087905024,0.5427557890557232
2021-05-10,1312.6886636006816,605.0796993792411,707.6089642214405,0.5390531539142585
2021-05-17,1315.6289181247314,607.2310451992078,708.3978729255236,0.5384480860570156
2021-05-24,1319.4740909637226,609.8903952885413,709.5836956751813,0.5377776650066034
2021-05-31,1319.1579014689112,609.6176451599599,709.5402563089513,0.5378736355358693
2021-06-07,1328.439731798656,617.0313581190169,711.4083736796392,0.5355217528132945
2021-06-14,1335.0018057355737,622.94637047829,712.0554352572838,0.533374136422945
2021-06-21,1343.9753448400181,630.7285242587571,713.246820581261,0.5306993341207188
2021-06-28,1358.460757572934,642.3016349777803,716.1591225951537,0.5271842551231768
2021-07-05,1364.1307596524289,647.0276658204214,717.1030938320075,0.5256850113215836
2021-07-12,1367.943417679067,650.714361909715,717.2290557693519,0.5243119316925
2021-07-19,1371.0563355740328,653.6456220446134,717.4107135294194,0.5232540012508343
2021-07-26,1368.8326415198746,651.8051615406575,717.0274799792171,0.5238240660180854
2021-08-02,1373.4345733661864,655.1430334885167,718.2915398776697,0.5229892663304596
2021-08-09,1372.8723634629866,654.6866152023825,718.1857482606041,0.5231263789512264
2021-08-16,1370.1184432006328,652.3638981104316,717.7545450902012,0.523863136542785
2021-08-23,1362.3161059408953,646.110659097128,716.2054468437674,0.5257263301230032
2021-08-30,1368.0003372957724,651.1932162520769,716.8071210436955,0.52398168443486
2021-09-06,1374.4272392056514,656.0680958931925,718.3591433124589,0.5226607293723556
2021-09-13,1380.9681610515536,661.7203114562727,719.2478495952809,0.5208286982138687
2021-09-20,1390.8265098297495,670.3999931822307,720.4265166475188,0.5179844585617698
2021-09-27,1403.510342610555,680.8713446781621,722.6389979323928,0.5148797098197874
2021-10-04,1432.1415218091372,704.219336199909,727.9221856092282,0.5082753167366367
2021-10-11,1466.689139916908,733.0852898313758,733.6038500855323,0.5001767791960967
2021-10-18,1493.391507822109,754.9963028914594,738.3952049306495,0.4944418131903602
2021-10-25,1501.0061578873488,761.705753562132,739.3004043252167,0.4925365565227092
2021-11-01,1507.9629663535043,767.2355933021406,740.7273730513637,0.4912105864526375
2021-11-08,1510.3291605678342,768.894686082854,741.4344744849801,0.4909091963808903
2021-11-15,1509.486424826914,768.6988983853524,740.7875264415615,0.4907546793781231
2021-11-22,1502.929991387165,763.9088438630534,739.0211475241116,0.4917202742371349
2021-11-29,1497.9798936720736,760.0299787967177,737.9499148753558,0.49263005330891463
2021-12-06,1483.5540360970067,747.1975146834985,736.3565214135082,0.49634627623726085
2021-12-13,1476.1276383725246,741.2812129371447,734.84642543538,0.4978203824200259
2021-12-20,1470.1820080343985,738.0892218398469,732.0927861945515,0.4979606485412944
2022-01-03,1482.5037044879907,748.1893536348636,734.3143508531272,0.4953204154769622
2022-01-10,1504.6655697841404,764.8787162401575,739.7868535439829,0.4916619801768395
2022-01-17,1521.582559057697,778.8132736925202,742.7692853651768,0.48815575661248867
2022-01-24,1541.2704952937534,795.5974308425868,745.6730644511665,0.48380415165804325
2022-01-31,1561.0521665922945,812.0139735329471,749.0381930593473,0.4798290595851537
2022-02-07,1565.6445553088035,829.0114606364267,736.6330946723768,0.4704982955260144
2022-02-14,1577.8205996326851,839.7544782552876,738.0661213773975,0.46777569106983297
2022-02-21,1585.8375037903636,846.5081288811136,739.32937490925,0.466207523243809
2022-02-28,1624.6413534127546,880.7295709253674,743.9117824873872,0.45789292567538736
2022-03-07,1778.9147692227154,1012.9453794303772,765.9693897923382,0.43058239947438476
2022-03-14,2014.0607678837227,1211.4572204620133,802.6035474217094,0.3985001645531511
2022-03-21,1929.459850263656,1143.9881894663008,785.4716607973553,0.4070940686793884
2022-03-28,1948.5983737541917,1191.7370794052397,756.861294348952,0.38841318177371487
2022-04-04,1874.2007791672625,1132.2554111767092,741.9453679905532,0.39587293754098823
2022-04-11,1821.387395629588,1088.100550817715,733.2868448118729,0.40259795723380537
2022-04-25,1852.6372982740709,1114.6199722729173,738.0173260011536,0.39836039503722365
2022-05-02,1873.461770220557,1138.6485199331796,734.8132502873773,0.392222174995794
2022-05-09,1898.7842113421636,1160.2578058475087,738.5264054946549,0.3889469909656687
2022-05-16,1872.3302605478386,1137.6884636002885,734.6417969475501,0.39236763536182767
2022-05-23,1850.698735695079,1119.3716980699833,731.3270376250957,0.3951626612801605
2022-05-30,1849.7146239464698,1118.4437863434682,731.2708376030016,0.3953425183192823
2022-06-06,1902.9818529465667,1189.331326610178,713.6505263363888,0.37501698990527743
2022-06-13,1979.8228206912952,1254.0132418506855,725.8095788406097,0.3666032996766744
2022-06-20,2027.227192668565,1293.5934124925657,733.6337801759994,0.3618902621418923
2022-06-27,2033.4165285043637,1299.319571454037,734.0969570503266,0.36101651912423277
2022-07-04,1995.9500793132656,1268.1635599233289,727.7865193899368,0.36463162427406093
2022-07-11,1950.4515819267297,1230.4132133719238,720.0383685548059,0.3691649540172255
2022-07-18,1932.9680542460899,1215.8218726629045,717.1461815831854,0.3710077773959342
2022-07-25,1898.5469703578526,1186.9608875532492,711.5860828046034,0.3748056244668407
2022-08-01,1874.2559621956714,1166.9227319966567,707.3332301990147,0.37739414704615964
2022-08-08,1827.5413445006498,1126.9980796914042,700.5432648092456,0.3833255356532901
2022-08-15,1798.769747040133,1102.5359997772357,696.2337472628974,0.38706107238491566
2022-08-22,1819.9239102388156,1120.6304275064954,699.2934827323202,0.38424325258771774
2022-08-29,1903.1562253024156,1190.3032256437214,712.8529996586942,0.37456357506616167
2022-09-05,1900.974630268279,1163.2241005188898,737.7505297493892,0.3880906762260539
2022-09-12,1886.1594123870157,1150.4345488673735,735.7248635196422,0.3900650489496807
2022-09-19,1830.2161766760955,1104.1066861301404,726.1094905459552,0.3967342764201014
2022-09-26,1799.2408169780838,1078.8026638166345,720.4381531614492,0.4004122996561748
2022-10-03,1804.889925699364,1079.0294454953225,725.8604802040416,0.4021632953171828
2022-10-10,1890.137896921415,1151.018258757686,739.119638163729,0.39104006081650394
2022-10-17,1961.0247500555824,1209.459701272745,751.5650487828375,0.3832511796506064
2022-10-24,1965.217223816176,1212.7697352197324,752.4474885964437,0.3828826042625946
2022-10-31,1954.0155927381938,1203.4656495546915,750.5499431835024,0.38410642472496576
2022-11-07,1932.437682827303,1185.3378942278853,747.0997885994177,0.3866100290004457
2022-11-14,1886.1061975890061,1146.7963648218288,739.3098327671773,0.3919767793097923
2022-11-21,1849.8995906193788,1117.2078247476963,732.6917658716825,0.39607110006784985
2022-11-28,1804.6998190594609,1079.6066846169497,725.0931344425112,0.40178046608349605
2022-12-05,1778.78811677021,1057.2616389937875,721.5264777764226,0.40562811892768663
2022-12-12,1726.8305742175846,1001.2696370366458,725.5609371809388,0.4201691515160285
2022-12-19,1722.1870019227558,997.3468690087919,724.8401329139639,0.42088352316252975
2022-12-26,1716.243115642026,992.3884797167686,723.8546359252573,0.42176695674870746
2023-01-02,1753.499484357699,975.6493499831466,777.8501343745523,0.4435987243300937
2023-01-09,1767.1918514769368,986.9832780728813,780.2085734040555,0.4414962488379479
2023-01-16,1765.3464055202296,998.5315783976625,766.8148271225671,0.43437074147302807
2023-01-23,1780.2149585596485,997.8786844301807,782.3362741294678,0.4394616899312244
2023-01-30,1794.909352848193,1009.7529642203762,785.1563886278169,0.4374351202649411
2023-02-06,1756.2281310993642,978.0570577977766,778.1710733015876,0.4430922495327915
2023-02-13,1718.7227340848492,946.516769968321,772.2059641165282,0.44929059748994177
2023-02-20,1707.353835591269,935.8307326646674,771.5231029266016,0.45188237308725027
2023-02-27,1687.7369629313905,919.1975158629776,768.5394470684129,0.4553668397079808
2023-03-06,1694.1089006568243,923.536328559847,770.5725720969773,0.4548542137983089
2023-03-13,1689.6665166864857,920.0309398064084,769.6355768800773,0.45549554854727686
2023-03-20,1663.8534664450565,897.7851523969188,766.0683140481377,0.46041813747270555
2023-03-27,1653.8734681091944,888.7779127368228,765.0955553723716,0.46260827694822015
2023-04-03,1640.4298584860383,876.2350608154867,764.1947976705516,0.4658503341165901
2023-04-10,1644.9822603790237,879.9261982456147,765.056062133409,0.465084688486021
2023-04-17,1639.0351682078403,874.2556145061407,764.7795537016997,0.4666035046325014
2023-04-24,1606.2842893904817,847.1372609466392,759.1470284438425,0.4726106290511671
2023-05-01,1577.3769337468714,822.4821119714085,754.8948217754629,0.47857604965878386
2023-05-08,1544.5056511331145,795.1723176788726,749.3333334542419,0.4851606291660373
2023-05-15,1529.657870866949,782.0097545332367,747.6481163337123,0.488768194883981
2023-05-22,1528.7885250429374,781.6148771272053,747.1736479157321,0.48873577717019234
2023-05-29,1534.0796445580536,786.0278480812556,748.051796476798,0.4876225293324331
2023-06-05,1533.7807458860927,784.306233421551,749.4745124645417,0.488645143365362
2023-06-12,1545.9270515863,794.0778019963966,751.8492495899034,0.48634199706798525
2023-06-19,1548.9839864155838,796.9712974876695,752.0126889279143,0.48548771034625365
2023-06-26,1566.155893951326,810.7745557978009,755.3813381535252,0.48231554794187137
2023-07-03,1561.815501532079,803.8767176999118,757.9387838321672,0.48529341851752616
2023-07-10,1565.5888026073048,806.9486861832141,758.6401164240907,0.48457175674778996
2023-07-17,1582.7532775205623,820.6977964043117,762.0554811162506,0.4814745873153628
2023-07-24,1591.2618151419833,827.9352414083572,763.3265737336261,0.4796989197315194
2023-07-31,1634.1447735326524,862.6261470412926,771.5186264913598,0.4721237915925347
2023-08-07,1681.7245835612,900.6404936705026,781.0840898906974,0.46445422605209413
2023-08-14,1708.5718641705416,922.8301434449971,785.7417207255445,0.4598821607699818
2023-08-21,1711.8934022491596,926.094694806517,785.7987074426426,0.4590231531999751
2023-08-28,1720.8343014851084,934.1610593627032,786.6732421224052,0.45714642103745445
2023-09-04,1732.8471790197696,943.1389609520851,789.7082180676845,0.4557287149316904
2023-09-11,1746.347782810121,956.0323332016932,790.3154496084279,0.45255329859708604
2023-09-18,1779.3465268115501,983.2550797852076,796.0914470263425,0.4474066377912773
2023-09-25,1788.2766951974793,990.9007167305581,797.3759784669212,0.44589071736399666
2023-10-02,1782.4951419942051,986.3012319565913,796.1939100376138,0.4466738176614914
2023-10-09,1766.7327727630613,972.949278956424,793.7834938066374,0.44929459963840984
2023-10-16,1750.8992910826612,958.8727005399511,792.0265905427101,0.45235416712800414
2023-10-23,1755.8253611395724,962.6187866988125,793.2065744407598,0.4517571006754054
2023-10-30,1743.0010821668652,951.6469482444429,791.3541339224223,0.4540181541015604
2023-11-06,1745.9169266988436,954.1112805495655,791.805646149278,0.45351851170056157
2023-11-13,1716.2280582083968,929.2209692792245,787.0070889291723,0.4585678955457377
2023-11-20,1697.1412500485721,912.8011063800112,784.3401436685609,0.46215372093873336
2023-11-27,1692.1155484672786,905.717600030131,786.3979484371475,0.4647424634502462
2023-12-04,1677.3652353738287,896.1035710395721,781.2616643342566,0.46576717333726037
2023-12-11,1652.7481970553156,875.9806857093247,776.7675113459909,0.46998539325588107
2023-12-18,1632.8131653228593,859.7474305513573,773.065734771502,0.4734563336391535
2023-12-25,1636.9780093998445,863.0499076910418,773.9281017088027,0.47277855735676216
2024-01-01,1626.7227481008804,844.7527734041394,781.969974696741,0.48070267389427784
2024-01-08,1626.0154631464927,842.4220636917098,783.5933994547829,0.48191017688014853
2024-01-15,1623.0378717599726,840.1775283826325,782.8603433773401,0.4823426224358094
2024-01-22,1628.26458178768,844.2838296692199,783.9807521184601,0.48148240825684707
2024-01-29,1648.8128082311875,861.3491043459428,787.4637038852447,0.47759436362580154
2024-02-05,1665.7063937680487,874.9036748468949,790.8027189211538,0.47475516806551554
2024-02-12,1688.1352007745886,893.3336435370563,794.8015572375323,0.47081629295618227
2024-02-19,1709.3418252731203,910.9749160191507,798.3669092539697,0.46706100409519075
2024-02-26,1700.5643269092927,903.545217167395,797.0191097418978,0.46867918909627365
2024-03-04,1687.6809106671342,891.4344866073263,796.2464240598079,0.4717991529246216
2024-03-11,1679.5446450627978,884.2530535619481,795.2915915008497,0.4735161960943967
2024-03-18,1673.3856824205166,879.2365777931785,794.149104627338,0.47457625158990147
2024-03-25,1678.6680104444097,886.4402091796246,792.2278012647851,0.47193834417268193
2024-04-01,1677.8024301623198,883.5809709486309,794.2214592136888,0.4733700732194383
2024-04-08,1694.1021012472665,895.4048383238226,798.697262923444,0.47145757173396496
2024-04-15,1694.2627594868204,896.0360464713528,798.2267130154676,0.47113513446830674
2024-04-22,1677.9522628458285,882.7484327624984,795.2038300833301,0.47391326183180815
2024-04-29,1659.3479870561819,867.4070809476998,791.9409061084821,0.4772602927692398
2024-05-06,1645.194212158339,855.4744450191165,789.7197671392225,0.48001613505750484
2024-05-13,1632.453802325309,844.599968263672,787.8538340616369,0.4826193751635714
2024-05-20,1620.3528531192776,834.2222278618473,786.1306252574303,0.48516014505364136
2024-05-27,1609.1786164860114,824.9103327096333,784.2682837763781,0.48737180306869665
2024-06-03,1601.4368204069326,818.7743295285933,782.6624908783393,0.48872517535812693
2024-06-10,1583.3870169924094,804.0836526387011,779.3033643537083,0.49217491111804673
2024-06-17,1593.248216183013,812.7550930306708,780.4931231523423,0.4898754100112475
2024-06-24,1614.3670527488032,829.6447405764114,784.7223121723918,0.48608667454915855
2024-07-01,1625.7363380160893,839.1824709502145,786.5538670658749,0.48381391783720507
2024-07-08,1633.5762420404455,843.9417848052981,789.6344572351475,0.4833777799368834
2024-07-15,1627.0903624737864,838.4768120233847,788.6135504504017,0.48467716891360224
2024-07-22,1612.787018322908,827.3468705847588,785.4401477381491,0.4870079798601717
2024-07-29,1604.3639451750694,820.2042163689339,784.1597288061355,0.48876673597932757
2024-08-05,1590.8620262805136,813.5999872533815,777.2620390271321,0.48857916411795665
2024-08-12,1579.3795841231909,798.8534204020713,780.5261637211196,0.49419795694930224
2024-08-19,1573.7039579334455,793.5699504766741,780.1340074567714,0.495731108461611
2024-08-26,1555.892517146367,778.1509135387818,777.7416036075853,0.49986846458650397
2024-09-02,1545.7222998119823,769.512420076624,776.2098797353583,0.502166449840165
2024-09-09,1531.0939545522892,757.2787122717999,773.8152422804893,0.5054002335909964
2024-09-16,1514.3783510488042,742.7231154150978,771.6552356337064,0.5095524741880294
2024-09-23,1505.624939859138,735.5842026072678,770.0407372518703,0.5114426022485474
2024-09-30,1500.9550522471673,731.8714133043708,769.0836389427965,0.5123961825448115
2024-10-07,1510.542342245054,740.4530007826748,770.0893414623791,0.5098098344716564
2024-10-14,1534.2870662055748,759.354451446914,774.9326147586607,0.5050766781702308
2024-10-21,1530.2487940790263,756.616205607648,773.6325884713783,0.505560005317296
2024-10-28,1525.6422691231694,752.9027666042016,772.7395025189678,0.5065011098329646
2024-11-04,1524.580178432713,752.1193246110504,772.4608538216626,0.5066711903704283
2024-11-11,1534.9327680766019,759.8135424140335,775.1192256625684,0.5049857829498663
2024-11-18,1543.1175766684644,767.2531853415171,775.8643913269473,0.5027901976218887
2024-11-25,1560.2436952466257,781.302866885295,778.9408283613308,0.49924305461667295
2024-12-02,1565.2998894195293,785.3092971342159,779.9905922853135,0.49830105883069004
2024-12-09,1559.7473288384404,780.2737269936754,779.473601844765,0.49974350808809964
2024-12-16,1562.3608729350115,782.4242681104075,779.9366048246039,0.4992038768606864
2024-12-23,1567.5037446587057,786.7994382750679,780.7043063836378,0.49805578394558886
2024-12-30,1569.3244573454333,788.3579634755048,780.9664938699285,0.49764501548071227
2025-01-06,1594.0333095024303,799.6886293886184,794.3446801138118,0.4983237648664711
2025-01-13,1607.468829340403,810.9850445226866,796.4837848177165,0.49548941185039325
2025-01-20,1639.1694856300808,836.9875513668483,802.1819342632325,0.4893831548815598
2025-01-27,1637.3415388899068,835.0099318705089,802.3316070193979,0.4900209198646281
2025-02-03,1625.5134463469062,825.3917746279674,800.1216717189388,0.4922270397191056
2025-02-10,1628.1550847535734,826.7292324905786,801.4258522629948,0.4922294318076544
2025-02-17,1631.709366303517,829.4348870752316,802.2744792282855,0.4916773144752869
2025-02-24,1630.8872310516629,828.5262460318419,802.360985019821,0.4919782126826916
2025-03-03,1618.4053573518956,818.5158662531751,799.8894910987206,0.49424545430789607
2025-03-10,1593.9744968230427,798.2781991862664,795.6962976367763,0.4991901057530606
2025-03-17,1571.8942626289004,780.1297572986837,791.7645053302167,0.5037008685342723
2025-03-24,1562.7616941761544,772.3811988863993,790.3804952897551,0.5057588103389125
2025-03-31,1564.1491778182876,773.5926465338491,790.5565312844385,0.5054227195817252
2025-04-07,1553.305692533321,766.1021082477884,787.2035842855327,0.5067924414811515
2025-04-14,1522.0743855329054,740.2053258597093,781.869059673196,0.5136864972597576
2025-04-21,1506.4012876210961,727.1082085878176,779.2930790332786,0.5173210388474478
2025-04-28,1503.452292733931,724.619178220727,778.833114513204,0.5180298159623983
2025-05-05,1493.1369444660631,715.7488165495105,777.3881279165527,0.5206408767780788
2025-05-12,1484.55440728716,708.5852884207281,775.9691188664319,0.5226949683066313
2025-05-19,1488.9843248646537,710.475055892362,778.5092689722917,0.5228458459715867
2025-05-26,1486.5751077288414,708.2167533099664,778.358354418875,0.5235916775224595
2025-06-02,1481.2813520836198,704.0021122680982,777.2792398155216,0.5247343718478429
2025-06-09,1481.3558697935941,704.18651659248,777.1693532011142,0.5246337960029832
2025-06-16,1499.6669850513304,719.24325464716,780.4237304041703,0.5203980204828328
2025-06-23,1554.105237262505,764.6005723589843,789.5046649035206,0.5080123571903032
2025-06-30,1555.5930837882909,765.3735127889745,790.2195709993164,0.5079860403306227
2025-07-07,1543.9528970347121,755.9394157571045,788.0134812776076,0.5103869961260166
2025-07-14,1559.25215547737,768.743461733956,790.508693743414,0.5069793817289271
2025-07-21,1562.2498540050665,771.022741750029,791.2271122550375,0.5064664337952125
2025-07-28,1557.5811235481679,767.2464913343736,790.3346322137943,0.5074115372003308
2025-08-04,1551.4458105578426,762.3504078952639,789.0954026625787,0.508619377675105
2025-08-11,1538.9069153268258,750.4280294674178,788.478885859408,0.512362949315849
2025-08-18,1523.2645701362192,737.430372559074,785.8341975771451,0.5158881871104448
2025-08-25,1522.0020703487794,736.530276141819,785.4717942069605,0.5160780064030813
2025-09-01,1516.9374592498177,731.9958861399377,784.94157310988,0.5174515062065004
2025-09-08,1526.3497248910617,739.59789689841,786.7518279926517,0.5154466339939253
2025-09-15,1534.4080164202849,746.1128407059416,788.2951757143433,0.5137454753093676
2025-09-22,1535.3569017289444,747.0840799268581,788.2728218020864,0.5134134095560603
2025-09-29,1541.502674110093,752.2756842301593,789.2269898799337,0.5119854821760548
2025-10-06,1538.0958341153041,749.3322499045186,788.7635842107856,0.512818230643264
2025-10-13,1529.0310265850362,742.0233822036016,787.0076443814346,0.5147100553866135
2025-10-20,1510.748003611282,726.5695316672725,784.1784719440095,0.5190663631985708
2025-10-27,1527.6541251584435,740.4628835186843,787.1912416397593,0.5152941550549698
2025-11-03,1548.3107638099373,757.666987312012,790.6437764979253,0.5106492798334512
2025-11-10,1571.3918628624483,776.5463651171689,794.8454977452794,0.5058225873063823
2025-11-17,1587.1490855565244,789.3267250465605,797.8223605099639,0.5026763823073447
2025-11-24,1606.822807370395,805.9328815067029,800.889925863692,0.49843076796648667
2025-12-01,1588.7389299294953,790.3207369513796,798.4181929781157,0.5025483910144681
2025-12-08,1567.6798408895202,773.0047507579394,794.6750901315808,0.5069115959803838
2025-12-15,1547.7971903847513,756.5167216056373,791.280468779114,0.5112300718044446
2025-12-22,1520.78790625476,733.898270584426,786.889635670334,0.5174223390612073
2025-12-29,1521.7899390573277,734.9192825464993,786.8706565108284,0.5170691672454184
2026-01-05,1544.8893612910383,743.505403840819,801.3839574502193,0.5187322649309437
2026-01-12,1552.8954518917499,748.978185301775,803.9172665899748,0.5176892401936243
2026-01-19,1562.1012389561702,756.6969935927542,805.404245363416,0.5155902993211916
2026-01-26,1571.9703164796372,783.3846447567222,788.585671722915,0.5016543019011453
2026-02-02,1582.6182685844838,789.2578084955136,793.3604600889702,0.5012961595587817
2026-02-09,1585.2240279470486,775.4497220529482,809.7743058941004,0.5108264141963594
2026-02-16,1589.5169405390216,778.9158328352994,810.6011077037222,0.5099669509837618
2026-02-23,1594.415655374101,781.0404423340127,813.3752130400884,0.5101400066529355
2026-03-02,1629.222728844026,812.3581734914923,816.8645553525338,0.50138298520554
2026-03-09,1861.4036216722386,1005.9168565516009,855.4867651206378,0.459592296458567
2026-03-16,1949.082448458519,1079.8451318578855,869.2373166006334,0.4459725740632941
2026-03-23,2064.331085408922,1207.3847750195662,856.9463103893556,0.4151205765617795
2026-03-30,2075.6614311823746,1246.8628316157765,828.7985995665981,0.3992937321644423
2026-04-06,2112.2746554519786,1299.09393315357,813.1807222984085,0.3849786864598848
2026-04-13,2099.7193271785095,1291.769934993852,807.9493921846574,0.38478923431653916
2026-04-20,2007.9255021607516,1212.168788720413,795.7567134403387,0.3963078872119587
2026-04-27,1974.3438764056204,1184.566202049423,789.7776743561974,0.4000203225964984
2026-05-04,1975.3445404404522,1210.2440767773526,765.1004636630996,0.3873250706393232
2026-05-11,1929.959267934696,1171.284893670504,758.674374264192,0.3931038270440137
2026-05-18,1901.010138745325,1146.2761784542,754.7339602911252,0.3970173251097192
2026-05-25,1900.5072365774856,1133.1100272679264,767.3972093095592,0.4037854708154234
2026-06-01,1843.7106637911857,1083.8977951491067,759.8128686420789,0.4121106871941017
2026-06-08,1828.5935652029732,1065.2484075352952,763.345157667678,0.4174493294702954
2026-06-15,1804.3870706263042,1044.3225530910586,760.0645175352456,0.42123141420616955
2026-06-22,1730.150800654813,974.87229810375,755.2785025510631,0.4365391168591845
2026-06-29,1715.778780238302,964.9014151224043,750.8773651158978,0.43763063966300453
2026-07-06,1764.743877054119,985.19822365158,779.545653402539,0.4417330262699831
