country,product,target_date,snapshot_taken_on,horizon_weeks,model_used,price_with_tax_forecast,price_wo_tax_forecast,price_with_tax_lower80,price_with_tax_upper80
AT,diesel,2026-07-13,2026-08-03,-3,gbm,1716.2792624663164,893.0892624663163,1684.123321724052,1753.389784893036
AT,diesel,2026-07-20,2026-08-03,-2,gbm,1714.4211722125,891.2311722124998,1684.123321724052,1753.389784893036
AT,diesel,2026-07-27,2026-08-03,-1,gbm,1713.1319910783068,889.9419910783068,1683.2808511865749,1754.6391776712792
AT,diesel,2026-08-03,2026-08-03,0,gbm,1736.1877397524934,912.9977397524932,1687.0808888941606,1759.442620835267
AT,diesel,2026-08-10,2026-08-03,1,gbm,1734.0745626056005,910.8845626056004,1685.6392996563206,1759.5102772852863
AT,diesel,2026-08-17,2026-08-03,2,gbm,1732.386895655382,909.196895655382,1684.3920447689038,1757.4512625481304
AT,diesel,2026-08-24,2026-08-03,3,gbm,1725.928636543069,902.738636543069,1682.5845500761184,1756.9876709838302
AT,diesel,2026-08-31,2026-08-03,4,gbm,1717.7322299387804,894.5422299387803,1682.5845500761184,1753.4674206609493
AT,diesel,2026-09-07,2026-08-03,5,gbm,1743.5839798578943,920.3939798578942,1678.4909912364317,1771.5427997559857
AT,diesel,2026-09-14,2026-08-03,6,gbm,1738.4427616504258,915.252761650426,1676.5137615827855,1771.5427997559857
AT,diesel,2026-09-21,2026-08-03,7,gbm,1736.596993379901,913.4069933799012,1675.780127008001,1770.8660953506587
AT,diesel,2026-09-28,2026-08-03,8,gbm,1736.596993379901,913.4069933799012,1673.9991122404017,1771.9253586426366
AT,diesel,2026-10-05,2026-08-05,9,gbm,1938.0977362417275,1061.4077362417274,1757.5884621940663,1946.6777888447425
AT,diesel,2026-10-12,2026-08-05,10,gbm,1937.71904256457,1061.02904256457,1757.6346155585425,1948.0304694043648
AT,diesel,2026-10-19,2026-08-05,11,gbm,1938.563916501353,1061.873916501353,1757.2686088823775,1948.1774720568187
AT,euro95,2026-07-13,2026-08-03,-3,sarimax,1687.566713823285,800.296713823285,1663.2168225337498,1711.9166051128202
AT,euro95,2026-07-20,2026-08-03,-2,sarimax,1688.3763189726917,801.1063189726916,1651.1957985297406,1725.5568394156426
AT,euro95,2026-07-27,2026-08-03,-1,sarimax,1688.7946854211164,801.5246854211164,1640.9988193322906,1736.590551509942
AT,euro95,2026-08-03,2026-08-03,0,sarimax,1690.3387077302766,803.0687077302766,1633.350865205689,1747.3265502548643
AT,euro95,2026-08-10,2026-08-03,1,sarimax,1690.4504259538387,803.1804259538387,1625.3109578599906,1755.5898940476868
AT,euro95,2026-08-17,2026-08-03,2,sarimax,1690.5081567581085,803.2381567581082,1618.0124903049527,1763.0038232112638
AT,euro95,2026-08-24,2026-08-03,3,sarimax,1690.537989364243,803.2679893642429,1611.311097908686,1769.7648808198
AT,euro95,2026-08-31,2026-08-03,4,sarimax,1690.5534054735465,803.2834054735463,1605.0973046410086,1776.009506306084
AT,euro95,2026-09-07,2026-08-03,5,sarimax,1690.6607172516278,803.390717251628,1599.3866596935904,1781.9347748096654
AT,euro95,2026-09-14,2026-08-03,6,sarimax,1690.6648338827586,803.3948338827587,1593.915754052225,1787.413913713292
AT,euro95,2026-09-21,2026-08-03,7,sarimax,1690.666961167086,803.3969611670859,1588.7334176013835,1792.600504732788
AT,euro95,2026-09-28,2026-08-03,8,sarimax,1690.6680604491116,803.3980604491118,1583.7997451293777,1797.5363757688456
AT,euro95,2026-10-05,2026-08-05,9,sarimax,1895.0246408473824,976.424640847382,1795.9966682310078,1994.0526134637569
AT,euro95,2026-10-12,2026-08-05,10,sarimax,1895.0348303780568,976.4348303780577,1790.6928232602177,1999.3768374958968
AT,euro95,2026-10-19,2026-08-05,11,sarimax,1895.0399269397287,976.4399269397296,1785.640480475151,2004.4393734043083
AT,fuel_oil_1,2025-01-06,2026-08-03,-82,sarimax,771.6957724264812,554.5057724264811,752.3343476967962,791.0571971561662
AT,fuel_oil_1,2025-01-13,2026-08-03,-81,sarimax,771.6966041464883,554.5066041464883,743.1217086334785,800.2714996594981
AT,fuel_oil_1,2025-01-20,2026-08-03,-80,sarimax,771.6962516829961,554.5062516829961,736.6361594312432,806.7563439347491
AT,fuel_oil_1,2025-01-27,2026-08-03,-79,sarimax,771.6964010487831,554.506401048783,731.02633618155,812.3664659160161
AT,fuel_oil_1,2025-02-03,2026-08-03,-78,sarimax,770.7199347005736,553.5299347005736,725.1817730997249,816.2580963014223
AT,fuel_oil_1,2025-02-10,2026-08-03,-77,sarimax,770.7199615246708,553.5299615246707,720.7641515618017,820.6757714875399
AT,fuel_oil_1,2025-02-17,2026-08-03,-76,sarimax,770.7199501572455,553.5299501572455,716.7151959390523,824.7247043754388
AT,fuel_oil_1,2025-02-24,2026-08-03,-75,sarimax,770.7199549744946,553.5299549744946,712.9459361038084,828.4939738451808
AT,fuel_oil_1,2025-03-03,2026-08-03,-74,sarimax,769.8310381766847,552.6410381766847,708.5203999272978,831.1416764260716
AT,fuel_oil_1,2025-03-10,2026-08-03,-73,sarimax,769.8310390417981,552.6410390417981,705.1764019583649,834.4856761252313
AT,fuel_oil_1,2025-03-17,2026-08-03,-72,sarimax,769.8310386751833,552.6410386751833,701.9972720164265,837.6648053339402
AT,fuel_oil_1,2025-03-24,2026-08-03,-71,sarimax,769.831038830546,552.641038830546,698.9605203774017,840.7015572836904
AT,heating_oil,2026-07-13,2026-08-03,-3,gbm,1294.9082707367454,821.4182707367454,1231.9942676953071,1370.3710819473868
AT,heating_oil,2026-07-20,2026-08-03,-2,gbm,1294.2386581312708,820.7486581312706,1231.9942676953071,1370.3710819473868
AT,heating_oil,2026-07-27,2026-08-03,-1,gbm,1290.570409704596,817.080409704596,1231.9942676953071,1369.819688515393
AT,heating_oil,2026-08-03,2026-08-03,0,gbm,1313.3934689101925,839.9034689101923,1243.676459227229,1370.7106487939946
AT,heating_oil,2026-08-10,2026-08-03,1,gbm,1312.8765471456877,839.3865471456876,1242.094085004053,1369.5502579036092
AT,heating_oil,2026-08-17,2026-08-03,2,gbm,1309.7713466982875,836.2813466982878,1241.719170860699,1369.9010499356464
AT,heating_oil,2026-08-24,2026-08-03,3,gbm,1307.636077150816,834.1460771508159,1240.2782515517745,1369.8008245420424
AT,heating_oil,2026-08-31,2026-08-03,4,gbm,1307.7422608932256,834.2522608932256,1237.081581692703,1367.4491976645722
AT,heating_oil,2026-09-07,2026-08-03,5,gbm,1324.1643615702296,850.6743615702297,1237.3801831454812,1385.2025896026448
AT,heating_oil,2026-09-14,2026-08-03,6,gbm,1321.230316781239,847.740316781239,1235.4150268184626,1385.2994345923394
AT,heating_oil,2026-09-21,2026-08-03,7,gbm,1321.230316781239,847.740316781239,1231.472983816519,1385.3008598859092
AT,heating_oil,2026-09-28,2026-08-03,8,gbm,1321.230316781239,847.740316781239,1230.2185680233042,1385.4879200012388
AT,heating_oil,2026-10-05,2026-08-05,9,gbm,1528.9558897890215,1007.5958897890214,1386.986414605229,1564.0211648568804
AT,heating_oil,2026-10-12,2026-08-05,10,gbm,1528.3580704607675,1006.9980704607672,1386.325500568847,1563.938133121345
AT,heating_oil,2026-10-19,2026-08-05,11,gbm,1528.3580704607675,1006.9980704607672,1384.567160448746,1563.81459709503
BE,diesel,2026-07-13,2026-08-03,-3,gbm,1883.433092967416,957.215649992209,1789.9374181059486,1922.948533879905
BE,diesel,2026-07-20,2026-08-03,-2,gbm,1883.433092967416,957.215649992209,1789.9374181059486,1922.948533879905
BE,diesel,2026-07-27,2026-08-03,-1,gbm,1885.130738925544,958.9132959503372,1789.9374181059486,1919.9831933707912
BE,diesel,2026-08-03,2026-08-03,0,gbm,1892.4681681764823,966.250725201276,1788.075713930717,1942.733362678297
BE,diesel,2026-08-10,2026-08-03,1,gbm,1893.099240206472,966.8817972312652,1787.2361629542256,1937.811719445127
BE,diesel,2026-08-17,2026-08-03,2,gbm,1889.8732839425857,963.6558409673792,1786.6949111989532,1937.2333034617768
BE,diesel,2026-08-24,2026-08-03,3,gbm,1886.983280223065,960.7658372478588,1786.6949111989532,1942.4752932264807
BE,diesel,2026-08-31,2026-08-03,4,gbm,1882.2509682823568,956.0335253071512,1785.3412660257025,1941.2681640330457
BE,diesel,2026-09-07,2026-08-03,5,gbm,1890.55633874853,964.3388957733237,1785.276720701214,1942.8729029044853
BE,diesel,2026-09-14,2026-08-03,6,gbm,1883.6447650629943,957.4273220877878,1783.841575977718,1942.8729029044853
BE,diesel,2026-09-21,2026-08-03,7,gbm,1877.9041779508648,951.6867349756589,1783.647738405354,1941.464531238602
BE,diesel,2026-09-28,2026-08-03,8,gbm,1875.985012639193,949.7675696639868,1782.1234143125823,1942.2502110455243
BE,diesel,2026-10-05,2026-08-05,9,gbm,2041.914951317896,1070.202136441863,1899.4972309644268,2117.001281597883
BE,diesel,2026-10-12,2026-08-05,10,gbm,2041.6531337408248,1069.9403188647918,1899.435990326118,2116.412783832334
BE,diesel,2026-10-19,2026-08-05,11,gbm,2041.197645789938,1069.484830913905,1898.0800619824795,2116.831743067284
BE,euro95,2026-07-13,2026-08-03,-3,sarimax,1735.3816196629195,835.1589527207709,1699.076804204315,1771.686435121524
BE,euro95,2026-07-20,2026-08-03,-2,sarimax,1737.1981287538565,836.9754618117079,1691.1529950302645,1783.2432624774488
BE,euro95,2026-07-27,2026-08-03,-1,sarimax,1737.7103765191896,837.4877095770411,1684.7970474481924,1790.623705590187
BE,euro95,2026-08-03,2026-08-03,0,sarimax,1735.2174007549877,834.994733812839,1676.508043547211,1793.9267579627644
BE,euro95,2026-08-10,2026-08-03,1,sarimax,1735.2581355060006,835.0354685638519,1671.3466192854585,1799.1696517265425
BE,euro95,2026-08-17,2026-08-03,2,sarimax,1735.269622530911,835.0469555887623,1666.5671649546075,1803.9720801072144
BE,euro95,2026-08-24,2026-08-03,3,sarimax,1735.2728618226215,835.0501948804731,1662.097346909682,1808.4483767355607
BE,euro95,2026-08-31,2026-08-03,4,sarimax,1735.273775288978,835.0511083468292,1657.8846155858696,1812.662934992086
BE,euro95,2026-09-07,2026-08-03,5,sarimax,1728.546313525882,828.3236465837334,1647.1617261102217,1809.9309009415424
BE,euro95,2026-09-14,2026-08-03,6,sarimax,1728.5463861661688,828.3237192240202,1643.353639896136,1813.739132436201
BE,euro95,2026-09-21,2026-08-03,7,sarimax,1728.5464066504178,828.3237397082693,1639.708619473493,1817.3841938273429
BE,euro95,2026-09-28,2026-08-03,8,sarimax,1728.5464124268883,828.3237454847396,1636.207365620146,1820.8854592336304
BE,euro95,2026-10-05,2026-08-05,9,sarimax,1851.1432775137207,923.2492056128953,1766.105032109267,1936.181522918176
BE,euro95,2026-10-12,2026-08-05,10,sarimax,1851.143157972573,923.2490860717468,1762.5026683418173,1939.7836476033287
BE,euro95,2026-10-19,2026-08-05,11,sarimax,1851.143120502688,923.2490486018615,1759.0411876423195,1943.2450533630567
BE,fuel_oil_1,2026-07-13,2026-08-03,-3,sarimax,454.69918066623234,438.3491806662323,433.5267919548569,475.8715693776078
BE,fuel_oil_1,2026-07-20,2026-08-03,-2,sarimax,454.69918066623234,438.3491806662323,426.1082897665675,483.2900715658972
BE,fuel_oil_1,2026-07-27,2026-08-03,-1,sarimax,454.69918066623234,438.3491806662323,420.25200311672194,489.14635821574274
BE,fuel_oil_1,2026-08-03,2026-08-03,0,sarimax,456.6790460717127,440.3290460717127,417.2357064588142,496.1223856846112
BE,fuel_oil_1,2026-08-10,2026-08-03,1,sarimax,456.6790460717127,440.3290460717127,412.8048390873192,500.5532530561063
BE,fuel_oil_1,2026-08-17,2026-08-03,2,sarimax,456.6790460717127,440.3290460717127,408.78212511430286,504.5759670291226
BE,fuel_oil_1,2026-08-24,2026-08-03,3,sarimax,456.6790460717127,440.3290460717127,405.0720306969468,508.2860614464786
BE,fuel_oil_1,2026-08-31,2026-08-03,4,sarimax,456.6790460717127,440.3290460717127,401.6113328943682,511.7467592490572
BE,fuel_oil_1,2026-09-07,2026-08-03,5,sarimax,457.9262885359741,441.576288535974,399.60286242542014,516.249714646528
BE,fuel_oil_1,2026-09-14,2026-08-03,6,sarimax,457.9262885359741,441.576288535974,396.51952154760215,519.3330555243459
BE,fuel_oil_1,2026-09-21,2026-08-03,7,sarimax,457.9262885359741,441.576288535974,393.5837673648608,522.2688097070873
BE,fuel_oil_1,2026-09-28,2026-08-03,8,sarimax,457.9262885359741,441.576288535974,390.7762399183736,525.0763371535745
BE,fuel_oil_1,2026-10-05,2026-08-05,9,sarimax,561.8680548256428,545.5180548256428,499.2608686112184,624.4752410400673
BE,fuel_oil_1,2026-10-12,2026-08-05,10,sarimax,561.8680548256428,545.5180548256428,496.2574194632143,627.4786901880714
BE,fuel_oil_1,2026-10-19,2026-08-05,11,sarimax,561.8680548256428,545.5180548256428,493.38556670177655,630.3505429495091
BE,heating_oil,2026-07-13,2026-08-03,-3,gbm,995.45193349775,801.2575169688243,932.467865872732,1081.285143353188
BE,heating_oil,2026-07-20,2026-08-03,-2,gbm,994.7322548715224,800.5378383425968,932.467865872732,1080.1562082351295
BE,heating_oil,2026-07-27,2026-08-03,-1,gbm,988.6641757012488,794.4697591723233,932.467865872732,1077.911119329945
BE,heating_oil,2026-08-03,2026-08-03,0,gbm,993.0996556555332,798.9052391266075,932.3274501297602,1075.4054528910926
BE,heating_oil,2026-08-10,2026-08-03,1,gbm,989.2118126774068,795.0173961484813,932.1855857921744,1074.379013865374
BE,heating_oil,2026-08-17,2026-08-03,2,gbm,990.47954188086,796.2851253519345,931.129461316931,1071.0515263333818
BE,heating_oil,2026-08-24,2026-08-03,3,gbm,987.8040970224458,793.6096804935203,929.7128643389324,1070.4557219762537
BE,heating_oil,2026-08-31,2026-08-03,4,gbm,987.7629897965268,793.5685732676011,926.4303282333996,1068.5835928126014
BE,heating_oil,2026-09-07,2026-08-03,5,gbm,999.8524387404204,805.6580222114949,925.974519722452,1072.4892415308548
BE,heating_oil,2026-09-14,2026-08-03,6,gbm,999.0345067433924,804.8400902144668,925.3728516411132,1072.40796084227
BE,heating_oil,2026-09-21,2026-08-03,7,gbm,995.5321396733576,801.3377231444322,925.3728516411132,1072.40796084227
BE,heating_oil,2026-09-28,2026-08-03,8,gbm,995.5321396733576,801.3377231444322,925.3728516411132,1072.1126918523491
BE,heating_oil,2026-10-05,2026-08-05,9,gbm,1225.178001064192,971.2290390807208,1053.1423377016934,1251.2720076268474
BE,heating_oil,2026-10-12,2026-08-05,10,gbm,1223.2455567854415,969.2965948019709,1053.7091542475623,1251.1996738784412
BE,heating_oil,2026-10-19,2026-08-05,11,gbm,1222.0412165414073,968.0922545579364,1052.4587869318088,1251.159743761341
BE,lpg,2026-07-13,2026-08-03,-3,sarimax,792.1286314989269,654.326978606365,773.3717143105539,810.8855486872999
BE,lpg,2026-07-20,2026-08-03,-2,sarimax,791.0796282612612,653.2779753686992,762.3616717880536,819.7975847344687
BE,lpg,2026-07-27,2026-08-03,-1,sarimax,790.4916052225052,652.6899523299433,753.4334423164311,827.5497681285793
BE,lpg,2026-08-03,2026-08-03,0,sarimax,791.8955180654855,654.0938651729235,747.5471587458627,836.2438773851082
BE,lpg,2026-08-10,2026-08-03,1,sarimax,791.7107489545864,653.9090960620244,740.8562728268516,842.5652250823211
BE,lpg,2026-08-17,2026-08-03,2,sarimax,791.6071758766797,653.8055229841177,734.8589874670405,848.3553642863188
BE,lpg,2026-08-24,2026-08-03,3,sarimax,791.5491175658783,653.7474646733164,729.3969147244535,853.7013204073031
BE,lpg,2026-08-31,2026-08-03,4,sarimax,791.5165727432156,653.7149198506537,724.3589515439927,858.6741939424386
BE,lpg,2026-09-07,2026-08-03,5,sarimax,794.3450830966623,656.5434302041003,722.511638415168,866.1785277781565
BE,lpg,2026-09-14,2026-08-03,6,sarimax,794.3348568341668,656.5332039416048,718.1021333324567,870.5675803358769
BE,lpg,2026-09-21,2026-08-03,7,sarimax,794.3291244610607,656.5274715684988,713.9323173673494,874.725931554772
BE,lpg,2026-09-28,2026-08-03,8,sarimax,794.3259111559611,656.5242582633991,709.9675515155966,878.6842707963256
BE,lpg,2026-10-05,2026-08-05,9,sarimax,824.2526893606467,682.6328546499029,748.3229623518357,900.1824163694578
BE,lpg,2026-10-12,2026-08-05,10,sarimax,824.2532404570878,682.633405746344,744.1923875612055,904.3140933529702
BE,lpg,2026-10-19,2026-08-05,11,sarimax,824.2535443547844,682.6337096440406,740.2621716988322,908.2449170107366
CZ,diesel,2026-07-13,2026-08-03,-3,gbm,1456.334121418993,869.6438169130354,1392.8755778740583,1493.2430162143642
CZ,diesel,2026-07-20,2026-08-03,-2,gbm,1455.2971904707583,868.6068859648009,1392.8755778740583,1492.0320175766806
CZ,diesel,2026-07-27,2026-08-03,-1,gbm,1453.0129165227631,866.3226120168056,1392.8755778740583,1492.0320175766806
CZ,diesel,2026-08-03,2026-08-03,0,gbm,1459.8518084642333,873.1615039582758,1393.6184480579643,1497.023700427625
CZ,diesel,2026-08-10,2026-08-03,1,gbm,1459.8518084642333,873.1615039582758,1393.6184480579643,1497.023700427625
CZ,diesel,2026-08-17,2026-08-03,2,gbm,1459.5350679929902,872.8447634870327,1393.6184480579643,1497.4694676722702
CZ,diesel,2026-08-24,2026-08-03,3,gbm,1460.0019648220564,873.3116603160989,1393.6184480579643,1496.4121118908142
CZ,diesel,2026-08-31,2026-08-03,4,gbm,1459.0283944978987,872.3380899919413,1393.6184480579643,1496.577168870779
CZ,diesel,2026-09-07,2026-08-03,5,gbm,1468.2692377181422,881.5789332121847,1399.82577500943,1497.291727668989
CZ,diesel,2026-09-14,2026-08-03,6,gbm,1468.9996944780446,882.3093899720872,1399.4930132856675,1496.2593648834118
CZ,diesel,2026-09-21,2026-08-03,7,gbm,1468.4491201339,881.7588156279427,1397.589328447854,1496.901819858621
CZ,diesel,2026-09-28,2026-08-03,8,gbm,1466.4357277729036,879.7454232669461,1396.46837591631,1497.6897658625644
CZ,diesel,2026-10-05,2026-08-05,9,gbm,1716.4611662425114,989.6496285652372,1587.3010185044382,1773.1863984195743
CZ,diesel,2026-10-12,2026-08-05,10,gbm,1716.0197640783497,989.2082264010754,1587.801760420781,1773.568126872838
CZ,diesel,2026-10-19,2026-08-05,11,gbm,1714.9084052278763,988.0968675506022,1587.8293110428908,1774.1572226304286
CZ,euro95,2026-07-13,2026-08-03,-3,sarimax,1626.9453162055124,814.1456451829283,1611.2406587419568,1642.6499736690675
CZ,euro95,2026-07-20,2026-08-03,-2,sarimax,1629.7584061693506,816.9587351467666,1601.4302236905114,1658.0865886481895
CZ,euro95,2026-07-27,2026-08-03,-1,sarimax,1631.0234163901373,818.2237453675533,1591.8088732290842,1670.2379595511904
CZ,euro95,2026-08-03,2026-08-03,0,sarimax,1631.913169178495,819.1134981559112,1583.3133995258572,1680.512938831133
CZ,euro95,2026-08-10,2026-08-03,1,sarimax,1632.1689776134835,819.3693065908997,1575.356064293368,1688.9818909335995
CZ,euro95,2026-08-17,2026-08-03,2,sarimax,1632.284011362487,819.4843403399029,1568.1550539481118,1696.4129687768618
CZ,euro95,2026-08-24,2026-08-03,3,sarimax,1632.3357405535526,819.5360695309687,1561.58284821581,1703.0886328912952
CZ,euro95,2026-08-31,2026-08-03,4,sarimax,1632.3590025026024,819.5593314800184,1555.5259629377997,1709.192042067405
CZ,euro95,2026-09-07,2026-08-03,5,sarimax,1631.2704449083772,818.4707738857933,1548.7936922663216,1713.7471975504327
CZ,euro95,2026-09-14,2026-08-03,6,sarimax,1631.2751489041898,818.4754778816057,1543.5123831838569,1719.0379146245227
CZ,euro95,2026-09-21,2026-08-03,7,sarimax,1631.2772642303462,818.4775932077623,1538.5273502865998,1724.0271781740926
CZ,euro95,2026-09-28,2026-08-03,8,sarimax,1631.278215465196,818.4785444426118,1533.795141220998,1728.7612897093936
CZ,euro95,2026-10-05,2026-08-05,9,sarimax,1758.7796354338427,924.1766621978928,1669.7919217363392,1847.7673491313465
CZ,euro95,2026-10-12,2026-08-05,10,sarimax,1758.7829166683623,924.1799434324124,1664.723485417014,1852.8423479197104
CZ,euro95,2026-10-19,2026-08-05,11,sarimax,1758.784411527159,924.1814382912088,1659.9121345030726,1857.6566885512448
CZ,fuel_oil_1,2019-12-23,2026-08-03,-345,sarimax,339.2710598167418,320.74105981674177,328.60974870855114,349.93237092493246
CZ,fuel_oil_1,2019-12-30,2026-08-03,-344,sarimax,339.2710598167418,320.74105981674177,323.762626871118,354.77949276236563
CZ,fuel_oil_1,2020-01-06,2026-08-03,-343,sarimax,338.9749014855458,320.44490148554576,319.8082786658576,358.141524305234
CZ,fuel_oil_1,2020-01-13,2026-08-03,-342,sarimax,338.9749014855458,320.44490148554576,316.74412623600773,361.20567673508384
CZ,fuel_oil_1,2020-01-20,2026-08-03,-341,sarimax,338.9749014855458,320.44490148554576,314.05392024325204,363.89588272783953
CZ,fuel_oil_1,2020-01-27,2026-08-03,-340,sarimax,338.9749014855458,320.44490148554576,311.6270817559579,366.3227212151337
CZ,fuel_oil_1,2020-02-03,2026-08-03,-339,sarimax,339.1016309072442,320.5716309072442,309.525438085224,368.6778237292645
CZ,fuel_oil_1,2020-02-10,2026-08-03,-338,sarimax,339.1016309072442,320.5716309072442,307.4535801026749,370.7496817118136
CZ,fuel_oil_1,2020-02-17,2026-08-03,-337,sarimax,339.1016309072442,320.5716309072442,305.50926484571346,372.69399696877497
CZ,fuel_oil_1,2020-02-24,2026-08-03,-336,sarimax,339.1016309072442,320.5716309072442,303.6714884365292,374.53177337795927
CZ,fuel_oil_1,2020-03-02,2026-08-03,-335,sarimax,339.6172910356356,321.0872910356356,302.4401080684116,376.79447400285954
CZ,fuel_oil_1,2020-03-09,2026-08-03,-334,sarimax,339.6172910356356,321.0872910356356,300.77155933623607,378.4630227350351
CZ,fuel_oil_2,2008-12-01,2026-08-03,-922,sarimax,303.6543936025464,285.0543936025464,294.5712702787681,312.7375169263247
CZ,fuel_oil_2,2008-12-08,2026-08-03,-921,sarimax,303.6543936025464,285.0543936025464,291.36291071444595,315.94587649064687
CZ,fuel_oil_2,2008-12-15,2026-08-03,-920,sarimax,303.6543936025464,285.0543936025464,288.8335308118056,318.4752563932873
CZ,fuel_oil_2,2008-12-22,2026-08-03,-919,sarimax,303.6543936025464,285.0543936025464,286.6768968455016,320.63189035959124
CZ,fuel_oil_2,2008-12-29,2026-08-03,-918,sarimax,303.6543936025464,285.0543936025464,284.7649039744763,322.54388323061653
CZ,fuel_oil_2,2009-01-05,2026-08-03,-917,sarimax,299.81609410968355,281.2160941096835,279.1911034264742,320.44108479289287
CZ,fuel_oil_2,2009-01-12,2026-08-03,-916,sarimax,299.81609410968355,281.2160941096835,277.5907108068928,322.0414774124743
CZ,fuel_oil_2,2009-01-19,2026-08-03,-915,sarimax,299.81609410968355,281.2160941096835,276.09806119737243,323.53412702199466
CZ,fuel_oil_2,2009-01-26,2026-08-03,-914,sarimax,299.81609410968355,281.2160941096835,274.6939423805228,324.9382458388443
CZ,fuel_oil_2,2009-02-02,2026-08-03,-913,sarimax,297.2450787954341,278.64507879543413,270.7932370868409,323.6969205040274
CZ,fuel_oil_2,2009-02-09,2026-08-03,-912,sarimax,297.2450787954341,278.64507879543413,269.5272622860124,324.9628953048559
CZ,fuel_oil_2,2009-02-16,2026-08-03,-911,sarimax,297.2450787954341,278.64507879543413,268.3166364881913,326.17352110267694
CZ,heating_oil,2026-07-13,2026-08-03,-3,gbm,1079.5707115055018,797.7850955777398,1010.012563137192,1105.1939072152802
CZ,heating_oil,2026-07-20,2026-08-03,-2,gbm,1079.5707115055018,797.7850955777398,1010.012563137192,1104.9737051738884
CZ,heating_oil,2026-07-27,2026-08-03,-1,gbm,1073.521481290616,791.7358653628539,1010.012563137192,1104.450223245423
CZ,heating_oil,2026-08-03,2026-08-03,0,gbm,1079.609702834856,797.824086907094,1008.1407792831928,1101.8852471431053
CZ,heating_oil,2026-08-10,2026-08-03,1,gbm,1079.1060575351212,797.320441607359,1006.910018929114,1101.8852471431053
CZ,heating_oil,2026-08-17,2026-08-03,2,gbm,1079.1060575351212,797.320441607359,1006.5189151908858,1101.8852471431053
CZ,heating_oil,2026-08-24,2026-08-03,3,gbm,1078.9004111673032,797.1147952395412,1005.139282345076,1101.8167095721976
CZ,heating_oil,2026-08-31,2026-08-03,4,gbm,1078.9004111673032,797.1147952395412,1000.7593342002097,1100.3994649902454
CZ,heating_oil,2026-09-07,2026-08-03,5,gbm,1089.9372908291148,808.1516749013527,1001.6649194855062,1106.916999460284
CZ,heating_oil,2026-09-14,2026-08-03,6,gbm,1085.0457885670958,803.2601726393337,1000.9909488538884,1105.0530272676197
CZ,heating_oil,2026-09-21,2026-08-03,7,gbm,1084.6458332408,802.860217313038,1000.370191775477,1104.6458233718718
CZ,heating_oil,2026-09-28,2026-08-03,8,gbm,1084.2476573683598,802.4620414405977,1000.2759436501018,1104.9481279623683
CZ,heating_oil,2026-10-05,2026-08-05,9,gbm,1230.9115198408672,905.1007396367122,1106.285974682097,1253.4354230934534
CZ,heating_oil,2026-10-12,2026-08-05,10,gbm,1230.387731308059,904.576951103904,1106.7106159083582,1253.3900023046126
CZ,heating_oil,2026-10-19,2026-08-05,11,gbm,1230.387731308059,904.576951103904,1106.7708551408896,1253.336852273444
CZ,lpg,2026-07-13,2026-08-03,-3,sarimax,914.0541344182274,665.9714302621848,901.5882029363676,926.5200659000872
CZ,lpg,2026-07-20,2026-08-03,-2,sarimax,913.9681293539892,665.8854251979465,895.7818133167152,932.1544453912628
CZ,lpg,2026-07-27,2026-08-03,-1,sarimax,913.9255269446188,665.8428227885761,891.2008855383474,936.65016835089
CZ,lpg,2026-08-03,2026-08-03,0,sarimax,913.7344940492836,665.6517898932411,887.1393778400708,940.3296102584968
CZ,lpg,2026-08-10,2026-08-03,1,sarimax,913.7240407247294,665.6413365686868,883.7106196713265,943.7374617781325
CZ,lpg,2026-08-17,2026-08-03,2,sarimax,913.7188626946228,665.6361585385803,880.6188282232663,946.8188971659796
CZ,lpg,2026-08-24,2026-08-03,3,sarimax,913.7162977694028,665.6335936133601,877.7848981052481,949.6476974335573
CZ,lpg,2026-08-31,2026-08-03,4,sarimax,913.7150272396356,665.6323230835931,875.1554726309657,952.2745818483056
CZ,lpg,2026-09-07,2026-08-03,5,sarimax,914.7124433536828,666.6297391976402,873.6908403585505,955.7340463488152
CZ,lpg,2026-09-14,2026-08-03,6,sarimax,914.7121316046478,666.6294274486052,871.3671976093119,958.0570655999836
CZ,lpg,2026-09-21,2026-08-03,7,sarimax,914.7119771804852,666.6292730244427,869.1616347178999,960.2623196430708
CZ,lpg,2026-09-28,2026-08-03,8,sarimax,914.7119006868342,666.6291965307915,867.0579038329774,962.3658975406908
CZ,lpg,2026-10-05,2026-08-05,9,sarimax,915.9332907722804,668.0199342015603,872.6460703389242,959.2205112056366
CZ,lpg,2026-10-12,2026-08-05,10,sarimax,915.9332796895012,668.0199231187812,870.4434675149079,961.4230918640948
CZ,lpg,2026-10-19,2026-08-05,11,sarimax,915.933274197139,668.0199176264189,868.3424984122175,963.5240499820604
DE,diesel,2026-07-13,2026-08-03,-3,gbm,1791.7180029805363,992.0860702074272,1696.4030043805851,1850.955995192637
DE,diesel,2026-07-20,2026-08-03,-2,gbm,1791.8143949627222,992.182462189613,1696.4030043805851,1849.6187281634568
DE,diesel,2026-07-27,2026-08-03,-1,gbm,1785.848320257017,986.2163874839076,1694.936443506456,1847.751690033636
DE,diesel,2026-08-03,2026-08-03,0,gbm,1786.6591194250518,987.0271866519428,1718.087354439364,1830.44298753376
DE,diesel,2026-08-10,2026-08-03,1,gbm,1783.859117169627,984.227184396518,1712.972452564602,1813.972952081846
DE,diesel,2026-08-17,2026-08-03,2,gbm,1779.3639674242763,979.7320346511672,1710.3815737404416,1804.446345254927
DE,diesel,2026-08-24,2026-08-03,3,gbm,1780.849306497842,981.217373724733,1708.9245444371354,1804.446345254927
DE,diesel,2026-08-31,2026-08-03,4,gbm,1777.060251267401,977.4283184942924,1706.2085003479428,1803.6776726205944
DE,diesel,2026-09-07,2026-08-03,5,gbm,1779.0813643471029,979.4494315739938,1705.0323090862266,1805.307331794307
DE,diesel,2026-09-14,2026-08-03,6,gbm,1779.169068270241,979.5371354971318,1701.1289107127914,1804.7309233616736
DE,diesel,2026-09-21,2026-08-03,7,gbm,1779.169068270241,979.5371354971318,1697.2252408922643,1804.5555691350528
DE,diesel,2026-09-28,2026-08-03,8,gbm,1779.169068270241,979.5371354971318,1695.7399279726994,1804.6267606972483
DE,diesel,2026-10-05,2026-08-05,9,gbm,2097.8927090204884,1116.6674989364546,1987.729753517608,2160.7105750474484
DE,diesel,2026-10-12,2026-08-05,10,gbm,2097.303550341172,1116.0783402571385,1983.9304126660209,2160.9226463443874
DE,diesel,2026-10-19,2026-08-05,11,gbm,2097.303550341172,1116.0783402571385,1981.7077230984407,2161.742703394195
DE,euro95,2026-07-13,2026-08-03,-3,sarimax,2059.222152361083,1068.3339170669651,2030.1288081514017,2088.315496570764
DE,euro95,2026-07-20,2026-08-03,-2,sarimax,2059.222152361083,1068.3339170669651,2017.886726114352,2100.5575786078143
DE,euro95,2026-07-27,2026-08-03,-1,sarimax,2059.222152361083,1068.3339170669651,2008.518974465659,2109.925330256506
DE,euro95,2026-08-03,2026-08-03,0,sarimax,2058.5503832976747,1067.662148003557,1999.958514967752,2117.142251627597
DE,euro95,2026-08-10,2026-08-03,1,sarimax,2058.5503832976747,1067.662148003557,1993.0125940453129,2124.088172550036
DE,euro95,2026-08-17,2026-08-03,2,sarimax,2058.5503832976747,1067.662148003557,1986.7353667218704,2130.3653998734785
DE,euro95,2026-08-24,2026-08-03,3,sarimax,2058.5503832976747,1067.662148003557,1980.964357548968,2136.136409046381
DE,euro95,2026-08-31,2026-08-03,4,sarimax,2058.5503832976747,1067.662148003557,1975.5938514440888,2141.5069151512603
DE,euro95,2026-09-07,2026-08-03,5,sarimax,2056.6339844238314,1065.745749129714,1968.634092589404,2144.6338762582595
DE,euro95,2026-09-14,2026-08-03,6,sarimax,2056.6339844238314,1065.745749129714,1963.8645080398016,2149.403460807861
DE,euro95,2026-09-21,2026-08-03,7,sarimax,2056.6339844238314,1065.745749129714,1959.328431990977,2153.939536856686
DE,euro95,2026-09-28,2026-08-03,8,sarimax,2056.6339844238314,1065.745749129714,1954.9945957993468,2158.273373048316
DE,euro95,2026-10-05,2026-08-05,9,sarimax,2184.238025356998,1031.7144959452337,2092.73111247011,2275.744938243887
DE,euro95,2026-10-12,2026-08-05,10,sarimax,2184.238025356998,1031.7144959452337,2088.2595140053413,2280.2165367086554
DE,euro95,2026-10-19,2026-08-05,11,sarimax,2184.238025356998,1031.7144959452337,2083.987169118901,2284.488881595096
DE,fuel_oil_1,2009-12-28,2026-08-03,-866,sarimax,346.8296621611487,321.8296621611487,334.7263239460173,358.93300037628006
DE,fuel_oil_1,2010-01-04,2026-08-03,-865,sarimax,344.5471309940028,319.5471309940028,325.8675009042849,363.2267610837207
DE,fuel_oil_1,2010-01-11,2026-08-03,-864,sarimax,344.1733706518336,319.1733706518336,319.536089687898,368.8106516157692
DE,fuel_oil_1,2010-01-18,2026-08-03,-863,sarimax,343.85032927407354,318.85032927407354,313.54229385978937,374.1583646883577
DE,fuel_oil_1,2010-01-25,2026-08-03,-862,sarimax,343.5711243398651,318.5711243398651,307.7874664580926,379.3547822216376
DE,fuel_oil_1,2010-02-01,2026-08-03,-861,sarimax,342.1777463603216,317.1777463603216,301.0817592282499,383.27373349239326
DE,fuel_oil_1,2010-02-08,2026-08-03,-860,sarimax,341.9691758232927,316.9691758232927,295.7116372608931,388.2267143856923
DE,fuel_oil_1,2010-02-15,2026-08-03,-859,sarimax,341.7889081329034,316.7889081329034,290.5147591948381,393.0630570709686
DE,fuel_oil_1,2010-02-22,2026-08-03,-858,sarimax,341.63310261664395,316.63310261664395,285.483579383476,397.7826258498119
DE,fuel_oil_1,2010-03-01,2026-08-03,-857,sarimax,341.3531004832733,316.3531004832733,280.4661491175966,402.24005184895
DE,fuel_oil_1,2010-03-08,2026-08-03,-856,sarimax,341.2367112787257,316.2367112787257,275.7467842417667,406.7266383156848
DE,fuel_oil_1,2010-03-15,2026-08-03,-855,sarimax,341.1361159914482,316.1361159914482,271.1737967018032,411.09843528109326
DE,heating_oil,2026-07-13,2026-08-03,-3,sarimax,1162.5002698318806,741.44732865541,1122.3639025969617,1202.6366370667995
DE,heating_oil,2026-07-20,2026-08-03,-2,sarimax,1162.1318121542777,741.0788709778071,1110.6179809083724,1213.645643400183
DE,heating_oil,2026-07-27,2026-08-03,-1,sarimax,1161.9809212927782,740.9279801163077,1102.8263539390116,1221.135488646545
DE,heating_oil,2026-08-03,2026-08-03,0,sarimax,1165.3697808958832,744.3168397194128,1100.0240252756846,1230.715536516082
DE,heating_oil,2026-08-10,2026-08-03,1,sarimax,1165.3444754733346,744.2915342968641,1094.554316336938,1236.1346346097314
DE,heating_oil,2026-08-17,2026-08-03,2,sarimax,1165.334112391654,744.2811712151832,1089.568285273509,1241.0999395097983
DE,heating_oil,2026-08-24,2026-08-03,3,sarimax,1165.32986850038,744.2769273239097,1084.9258716520949,1245.7338653486656
DE,heating_oil,2026-08-31,2026-08-03,4,sarimax,1165.328130541181,744.2751893647104,1080.5510435391705,1250.1052175431914
DE,heating_oil,2026-09-07,2026-08-03,5,sarimax,1168.191019770522,747.1380785940515,1079.260193046151,1257.1218464948931
DE,heating_oil,2026-09-14,2026-08-03,6,sarimax,1168.1907283029575,747.137787126487,1075.2934944402032,1261.0879621657118
DE,heating_oil,2026-09-21,2026-08-03,7,sarimax,1168.1906089411025,747.1376677646319,1071.4902279283774,1264.8909899538276
DE,heating_oil,2026-09-28,2026-08-03,8,sarimax,1168.190560060012,747.1376188835413,1067.8313281704554,1268.5497919495683
DE,heating_oil,2026-10-05,2026-08-05,9,sarimax,1302.6328516317826,857.4387339847237,1208.9282380266995,1396.3374652368657
DE,heating_oil,2026-10-12,2026-08-05,10,sarimax,1302.6297577614923,857.4356401144335,1205.1277459729747,1400.13176955001
DE,heating_oil,2026-10-19,2026-08-05,11,sarimax,1302.628392397047,857.4342747499883,1201.4719960729458,1403.7847887211483
DE,lpg,2026-07-13,2026-08-03,-3,sarimax,1107.012236216156,609.1445891573325,1094.0060702063142,1120.0184022259978
DE,lpg,2026-07-20,2026-08-03,-2,sarimax,1106.438350710898,608.5707036520745,1087.5534778089343,1125.3232236128615
DE,lpg,2026-07-27,2026-08-03,-1,sarimax,1105.991941466696,608.1242944078726,1082.348415420676,1129.6354675127163
DE,lpg,2026-08-03,2026-08-03,0,sarimax,1106.2709845008062,608.4033374419827,1078.4613047847351,1134.0806642168773
DE,lpg,2026-08-10,2026-08-03,1,sarimax,1106.000869299067,608.1332222402435,1074.4208018839986,1137.5809367141355
DE,lpg,2026-08-17,2026-08-03,2,sarimax,1105.7907543511358,607.9231072923122,1070.73645330174,1140.8450554005317
DE,lpg,2026-08-24,2026-08-03,3,sarimax,1105.6273118974718,607.7596648386484,1067.3351235256032,1143.9195002693405
DE,lpg,2026-08-31,2026-08-03,4,sarimax,1105.5001746522512,607.6325275934278,1064.1663243370376,1146.8340249674648
DE,lpg,2026-09-07,2026-08-03,5,sarimax,1106.1432769969983,608.2756299381747,1061.934944005785,1150.3516099882115
DE,lpg,2026-09-14,2026-08-03,6,sarimax,1106.0663482526063,608.1987011937829,1059.128527197474,1153.0041693077387
DE,lpg,2026-09-21,2026-08-03,7,sarimax,1106.0065075660468,608.1388605072232,1056.4665911156612,1155.5464240164322
DE,lpg,2026-09-28,2026-08-03,8,sarimax,1105.959959194612,608.0923121357886,1053.9309848325684,1157.988933556656
DE,lpg,2026-10-05,2026-08-05,9,sarimax,1091.8531314856405,596.3804424100102,1044.8958220238185,1138.810440947463
DE,lpg,2026-10-12,2026-08-05,10,sarimax,1091.7948730731923,596.322183997562,1042.2292931481702,1141.360452998214
DE,lpg,2026-10-19,2026-08-05,11,sarimax,1091.7494658734954,596.2767767978653,1039.6887010770338,1143.8102306699575
ES,diesel,2026-07-13,2026-08-03,-3,gbm,1502.4234719012818,1010.299461835738,1436.8342785662453,1552.0506009421497
ES,diesel,2026-07-20,2026-08-03,-2,gbm,1501.3696917313785,1009.2456816658348,1436.8342785662453,1551.8871251840587
ES,diesel,2026-07-27,2026-08-03,-1,gbm,1497.8643883152845,1005.7403782497404,1436.8342785662453,1550.5980621273789
ES,diesel,2026-08-03,2026-08-03,0,gbm,1494.0629990430782,1001.9389889775346,1442.360823859649,1549.0642694285225
ES,diesel,2026-08-10,2026-08-03,1,gbm,1490.7001894052585,998.5761793397148,1442.360823859649,1544.863359008811
ES,diesel,2026-08-17,2026-08-03,2,gbm,1486.6544772414002,994.5304671758564,1442.082804211102,1543.7165164090334
ES,diesel,2026-08-24,2026-08-03,3,gbm,1485.3865910516197,993.262580986076,1440.951753361412,1540.7541357495031
ES,diesel,2026-08-31,2026-08-03,4,gbm,1483.4852768905537,991.36126682501,1438.766584543705,1539.4132622072973
ES,diesel,2026-09-07,2026-08-03,5,gbm,1494.7402711214324,1002.6162610558888,1436.8925007612056,1539.4963482199316
ES,diesel,2026-09-14,2026-08-03,6,gbm,1488.874738181378,996.7507281158344,1427.7347114069446,1540.5823709530146
ES,diesel,2026-09-21,2026-08-03,7,gbm,1486.5855802150368,994.4615701494932,1427.068526713006,1538.9019926991311
ES,diesel,2026-09-28,2026-08-03,8,gbm,1488.3853222782689,996.2613122127252,1424.2396211150517,1538.9805525886254
ES,diesel,2026-10-05,2026-08-05,9,gbm,1618.1977857789882,1090.2918192748557,1511.112482001195,1690.563981602464
ES,diesel,2026-10-12,2026-08-05,10,gbm,1614.6344920628042,1086.7285255586717,1503.3133247419196,1691.2139430194527
ES,diesel,2026-10-19,2026-08-05,11,gbm,1612.260323011718,1084.3543565075854,1500.5846428637265,1691.7722190968882
ES,euro95,2026-07-13,2026-08-03,-3,sarimax,1514.715033318078,940.437717252534,1497.990141937989,1531.439924698167
ES,euro95,2026-07-20,2026-08-03,-2,sarimax,1513.0853135555506,938.8079974900068,1483.4661513842805,1542.7044757268206
ES,euro95,2026-07-27,2026-08-03,-1,sarimax,1512.1514272007246,937.8741111351808,1470.7903937031488,1553.5124606983004
ES,euro95,2026-08-03,2026-08-03,0,sarimax,1510.6922822062152,936.4149661406713,1458.7598419166206,1562.6247224958092
ES,euro95,2026-08-10,2026-08-03,1,sarimax,1510.3856228456732,936.1083067801294,1448.931767639437,1571.8394780519093
ES,euro95,2026-08-17,2026-08-03,2,sarimax,1510.2098963195706,935.9325802540268,1440.1272870282455,1580.2925056108954
ES,euro95,2026-08-24,2026-08-03,3,sarimax,1510.10919888147,935.8318828159264,1432.1416575858404,1588.0767401770995
ES,euro95,2026-08-31,2026-08-03,4,sarimax,1510.0514957317814,935.7741796662376,1424.816192720371,1595.286798743192
ES,euro95,2026-09-07,2026-08-03,5,sarimax,1509.847183004528,935.5698669389842,1417.858105808197,1601.836260200859
ES,euro95,2026-09-14,2026-08-03,6,sarimax,1509.8282350769848,935.550919011441,1411.516777356272,1608.1396927976978
ES,euro95,2026-09-21,2026-08-03,7,sarimax,1509.8173772525956,935.540061187052,1405.5491363822025,1614.0856181229888
ES,euro95,2026-09-28,2026-08-03,8,sarimax,1509.811155339925,935.5338392743812,1399.8991994522914,1619.7231112275588
ES,euro95,2026-10-05,2026-08-05,9,sarimax,1704.1424721368674,1096.0422446327352,1604.7066431335302,1803.5783011402048
ES,euro95,2026-10-12,2026-08-05,10,sarimax,1704.236749276644,1096.136521772512,1598.777879147646,1809.6956194056424
ES,euro95,2026-10-19,2026-08-05,11,sarimax,1704.2905097957455,1096.1902822916134,1593.1253965775734,1815.4556230139176
ES,fuel_oil_1,2026-07-13,2026-08-03,-3,sarimax,701.1072805589615,685.6072805589615,678.4192116371067,723.7953494808163
ES,fuel_oil_1,2026-07-20,2026-08-03,-2,sarimax,701.1072805589615,685.6072805589615,672.8520445856477,729.3625165322753
ES,fuel_oil_1,2026-07-27,2026-08-03,-1,sarimax,701.1072805589615,685.6072805589615,668.213994794045,734.000566323878
ES,fuel_oil_1,2026-08-03,2026-08-03,0,sarimax,701.2786995531728,685.7786995531728,664.324969877844,738.2324292285017
ES,fuel_oil_1,2026-08-10,2026-08-03,1,sarimax,701.2786995531728,685.7786995531728,660.6685034760533,741.8888956302924
ES,fuel_oil_1,2026-08-17,2026-08-03,2,sarimax,701.2786995531728,685.7786995531728,657.3151019532618,745.2422971530839
ES,fuel_oil_1,2026-08-24,2026-08-03,3,sarimax,701.2786995531728,685.7786995531728,654.1999591023948,748.3574400039508
ES,fuel_oil_1,2026-08-31,2026-08-03,4,sarimax,701.2786995531728,685.7786995531728,651.2785226441205,751.2788764622252
ES,fuel_oil_1,2026-09-07,2026-08-03,5,sarimax,701.0319852685607,685.5319852685607,648.271890694713,753.7920798424084
ES,fuel_oil_1,2026-09-14,2026-08-03,6,sarimax,701.0319852685607,685.5319852685607,645.6493393589784,756.4146311781429
ES,fuel_oil_1,2026-09-21,2026-08-03,7,sarimax,701.0319852685607,685.5319852685607,643.145481172606,758.9184893645154
ES,fuel_oil_1,2026-09-28,2026-08-03,8,sarimax,701.0319852685607,685.5319852685607,640.7455253877898,761.3184451493315
ES,fuel_oil_1,2026-10-05,2026-08-05,9,sarimax,653.1070897133627,637.6070897133627,597.367472720445,708.8467067062804
ES,fuel_oil_1,2026-10-12,2026-08-05,10,sarimax,653.1070897133627,637.6070897133627,594.8468299127197,711.3673495140057
ES,fuel_oil_1,2026-10-19,2026-08-05,11,sarimax,653.1070897133627,637.6070897133627,592.4308106451825,713.7833687815429
ES,heating_oil,2026-07-13,2026-08-03,-3,gbm,1056.8345159784078,844.1887688424622,1023.4517837255282,1101.3383140580097
ES,heating_oil,2026-07-20,2026-08-03,-2,gbm,1052.232962060312,839.5872149243664,1023.4517837255282,1101.211158868631
ES,heating_oil,2026-07-27,2026-08-03,-1,gbm,1048.2392389789984,835.5934918430527,1023.4517837255282,1098.038640969391
ES,heating_oil,2026-08-03,2026-08-03,0,gbm,1050.1582139809009,837.5124668449553,1022.5323414048707,1102.6342148047231
ES,heating_oil,2026-08-10,2026-08-03,1,gbm,1050.6007227873788,837.9549756514331,1021.2376986375232,1097.2283877466407
ES,heating_oil,2026-08-17,2026-08-03,2,gbm,1048.9512764237502,836.3055292878045,1021.9050618088828,1093.5244001594565
ES,heating_oil,2026-08-24,2026-08-03,3,gbm,1046.441069241303,833.7953221053575,1016.0833123361382,1097.494208513505
ES,heating_oil,2026-08-31,2026-08-03,4,gbm,1038.9621759401862,826.3164288042407,1015.4209931812326,1101.098651125522
ES,heating_oil,2026-09-07,2026-08-03,5,gbm,1044.596564550336,831.9508174143904,1030.918555278558,1102.335776032697
ES,heating_oil,2026-09-14,2026-08-03,6,gbm,1043.9078645897844,831.2621174538388,1027.855257916403,1102.3100325455073
ES,heating_oil,2026-09-21,2026-08-03,7,gbm,1042.1436284728975,829.4978813369518,1025.3609405188045,1102.8050094984906
ES,heating_oil,2026-09-28,2026-08-03,8,gbm,1042.1436284728975,829.4978813369518,1023.4744062200838,1103.179830794867
ES,heating_oil,2026-10-05,2026-08-05,9,gbm,1149.9863931292227,888.7970956085616,1097.5443622170649,1223.1623103091074
ES,heating_oil,2026-10-12,2026-08-05,10,gbm,1147.4494068979943,886.2601093773334,1095.7080617589445,1222.5562733309778
ES,heating_oil,2026-10-19,2026-08-05,11,gbm,1146.7384275297634,885.5491300091022,1095.4847247416046,1222.521756780626
ES,lpg,2026-07-13,2026-08-03,-3,sarimax,1063.7385694887098,855.811092596374,1055.11241839514,1072.3647205822797
ES,lpg,2026-07-20,2026-08-03,-2,sarimax,1060.3900276641084,852.4625507717728,1047.1675372907484,1073.6125180374686
ES,lpg,2026-07-27,2026-08-03,-1,sarimax,1057.7227874812845,849.7953105889487,1040.438013014315,1075.0075619482536
ES,lpg,2026-08-03,2026-08-03,0,sarimax,1056.0146098705443,848.087132978209,1034.9627107525569,1077.0665089885324
ES,lpg,2026-08-10,2026-08-03,1,sarimax,1054.3223193554668,846.3948424631312,1029.7246877859857,1078.919950924948
ES,lpg,2026-08-17,2026-08-03,2,sarimax,1052.9743459690617,845.0468690767259,1025.0188637460665,1080.929828192057
ES,lpg,2026-08-24,2026-08-03,3,sarimax,1051.9006341954223,843.9731573030866,1020.7548671593022,1083.0464012315424
ES,lpg,2026-08-31,2026-08-03,4,sarimax,1051.0453821670972,843.1179052747614,1016.8617521540906,1085.2290121801034
ES,lpg,2026-09-07,2026-08-03,5,sarimax,1050.498348050977,842.5708711586414,1013.4165571164856,1087.5801389854682
ES,lpg,2026-09-14,2026-08-03,6,sarimax,1049.9557141686382,842.0282372763025,1010.1041558878918,1089.8072724493843
ES,lpg,2026-09-21,2026-08-03,7,sarimax,1049.5234857625594,841.5960088702237,1007.0202659992862,1092.0267055258328
ES,lpg,2026-09-28,2026-08-03,8,sarimax,1049.179199493121,841.251722600785,1004.132996756062,1094.2254022301793
ES,lpg,2026-10-05,2026-08-05,9,sarimax,1041.5405516022734,824.7462495526865,1001.4206241140972,1081.6604790904494
ES,lpg,2026-10-12,2026-08-05,10,sarimax,1041.2932325796878,824.498930530101,998.5079209140127,1084.0785442453628
ES,lpg,2026-10-19,2026-08-05,11,sarimax,1041.0971496922868,824.3028476427,995.7568662350174,1086.4374331495565
FR,diesel,2026-07-13,2026-08-03,-3,gbm,1834.7045851495784,916.7062518162456,1817.157498871777,1866.0709568878387
FR,diesel,2026-07-20,2026-08-03,-2,gbm,1833.4458406811705,915.447507347837,1817.157498871777,1866.0709568878387
FR,diesel,2026-07-27,2026-08-03,-1,gbm,1832.297379482175,914.299046148842,1817.157498871777,1866.0709568878387
FR,diesel,2026-08-03,2026-08-03,0,gbm,1832.7730236143705,914.7746902810372,1794.5671225869455,1863.6466479705791
FR,diesel,2026-08-10,2026-08-03,1,gbm,1834.8728482892968,916.8745149559636,1793.9644357572129,1863.6466479705791
FR,diesel,2026-08-17,2026-08-03,2,gbm,1832.9167379069115,914.918404573578,1794.1316437570276,1862.2915031857497
FR,diesel,2026-08-24,2026-08-03,3,gbm,1831.705669103595,913.7073357702618,1793.3067822646233,1861.898324459015
FR,diesel,2026-08-31,2026-08-03,4,gbm,1831.705669103595,913.7073357702618,1793.790310706784,1861.4597917354715
FR,diesel,2026-09-07,2026-08-03,5,gbm,1793.4729442343455,875.4746109010125,1709.9248620748672,1836.6688819934684
FR,diesel,2026-09-14,2026-08-03,6,gbm,1793.4729442343455,875.4746109010125,1711.164061335165,1836.3045180214444
FR,diesel,2026-09-21,2026-08-03,7,gbm,1792.4846293056733,874.48629597234,1711.164061335165,1836.351993375636
FR,diesel,2026-09-28,2026-08-03,8,gbm,1790.9912867430116,872.9929534096785,1712.6124297836986,1836.2518444299824
FR,diesel,2026-10-05,2026-08-05,9,gbm,2015.330760855448,1046.4224275221145,1812.8174001659584,2038.1782309640585
FR,diesel,2026-10-12,2026-08-05,10,gbm,2018.4620211969184,1049.5536878635853,1812.8174001659584,2038.6864180492748
FR,diesel,2026-10-19,2026-08-05,11,gbm,2018.4620211969184,1049.5536878635853,1811.9534426298176,2037.4796629580585
FR,euro95,2026-07-13,2026-08-03,-3,sarimax,1917.9364588419555,907.5614588419552,1895.0356388106784,1940.837278873232
FR,euro95,2026-07-20,2026-08-03,-2,sarimax,1916.535872371924,906.1608723719236,1880.7874409289043,1952.284303814943
FR,euro95,2026-07-27,2026-08-03,-1,sarimax,1915.905836550824,905.5308365508242,1869.5594468593504,1962.2522262422976
FR,euro95,2026-08-03,2026-08-03,0,sarimax,1913.0177361268284,902.6427361268284,1857.5814830808968,1968.4539891727595
FR,euro95,2026-08-10,2026-08-03,1,sarimax,1912.8902461995333,902.5152461995336,1849.4573610131924,1976.323131385875
FR,euro95,2026-08-17,2026-08-03,2,sarimax,1912.8328964944324,902.4578964944324,1842.22266704024,1983.4431259486248
FR,euro95,2026-08-24,2026-08-03,3,sarimax,1912.8070984667368,902.4320984667372,1835.650872522126,1989.9633244113484
FR,euro95,2026-08-31,2026-08-03,4,sarimax,1912.7954935555736,902.4204935555736,1829.5926814930472,1995.9983056181
FR,euro95,2026-09-07,2026-08-03,5,sarimax,1910.555202393879,900.1802023938791,1821.7104561880903,1999.399948599668
FR,euro95,2026-09-14,2026-08-03,6,sarimax,1910.5528540999712,900.1778540999711,1816.4011400731208,2004.7045681268207
FR,euro95,2026-09-21,2026-08-03,7,sarimax,1910.5517977501404,900.1767977501404,1811.3756139144864,2009.7279815857944
FR,euro95,2026-09-28,2026-08-03,8,sarimax,1910.551322564747,900.1763225647469,1806.592764301624,2014.50988082787
FR,euro95,2026-10-05,2026-08-05,9,sarimax,2069.471059538429,1036.4143928717622,1974.5126341345604,2164.429484942297
FR,euro95,2026-10-12,2026-08-05,10,sarimax,2069.474046537056,1036.4173798703891,1969.4484071202733,2169.499685953838
FR,euro95,2026-10-19,2026-08-05,11,sarimax,2069.4753693809416,1036.4187027142748,1964.6267144077788,2174.324024354104
FR,fuel_oil_1,2025-01-06,2026-08-03,-82,sarimax,712.9785306072034,573.4785306072034,693.7018361763871,732.2552250380197
FR,fuel_oil_1,2025-01-13,2026-08-03,-81,sarimax,712.9785306072034,573.4785306072034,686.4389477900463,739.5181134243605
FR,fuel_oil_1,2025-01-20,2026-08-03,-80,sarimax,712.9785306072034,573.4785306072034,680.7743699437361,745.1826912706707
FR,fuel_oil_1,2025-01-27,2026-08-03,-79,sarimax,712.9785306072034,573.4785306072034,675.9668233787049,749.9902378357019
FR,fuel_oil_1,2025-02-03,2026-08-03,-78,sarimax,711.689496963347,572.189496963347,670.4266204288909,752.952373497803
FR,fuel_oil_1,2025-02-10,2026-08-03,-77,sarimax,711.689496963347,572.189496963347,666.5742723952765,756.8047215314175
FR,fuel_oil_1,2025-02-17,2026-08-03,-76,sarimax,711.689496963347,572.189496963347,663.0259377454156,760.3530561812784
FR,fuel_oil_1,2025-02-24,2026-08-03,-75,sarimax,711.689496963347,572.189496963347,659.7193083578899,763.6596855688041
FR,fuel_oil_1,2025-03-03,2026-08-03,-74,sarimax,710.4729382264925,570.9729382264925,655.3942761910322,765.5516002619528
FR,fuel_oil_1,2025-03-10,2026-08-03,-73,sarimax,710.4729382264925,570.9729382264925,652.4521012836653,768.4937751693196
FR,fuel_oil_1,2025-03-17,2026-08-03,-72,sarimax,710.4729382264925,570.9729382264925,649.652086313059,771.293790139926
FR,fuel_oil_1,2025-03-24,2026-08-03,-71,sarimax,710.4729382264925,570.9729382264925,646.9754222482632,773.9704542047218
FR,fuel_oil_2,2009-12-28,2026-08-03,-866,sarimax,361.60590450339066,343.10590450339066,344.51877489221613,378.6930341145652
FR,fuel_oil_2,2010-01-04,2026-08-03,-865,sarimax,358.7828026970644,340.2828026970644,335.5832535087188,381.98235188541
FR,fuel_oil_2,2010-01-11,2026-08-03,-864,sarimax,358.7828026970644,340.2828026970644,330.7744438244732,386.7911615696556
FR,fuel_oil_2,2010-01-18,2026-08-03,-863,sarimax,358.7828026970644,340.2828026970644,326.678017213756,390.8875881803728
FR,fuel_oil_2,2010-01-25,2026-08-03,-862,sarimax,358.7828026970644,340.2828026970644,323.04813696303745,394.5174684310913
FR,fuel_oil_2,2010-02-01,2026-08-03,-861,sarimax,356.6464179948312,338.1464179948312,317.61802551812235,395.67481047154007
FR,fuel_oil_2,2010-02-08,2026-08-03,-860,sarimax,356.6464179948312,338.1464179948312,314.5814146843664,398.711421305296
FR,fuel_oil_2,2010-02-15,2026-08-03,-859,sarimax,356.6464179948312,338.1464179948312,311.74971892126007,401.5431170684024
FR,fuel_oil_2,2010-02-22,2026-08-03,-858,sarimax,356.6464179948312,338.1464179948312,309.08632262175405,404.2065133679084
FR,fuel_oil_2,2010-03-01,2026-08-03,-857,sarimax,355.7691929523768,337.2691929523768,305.6871427138973,405.8512431908563
FR,fuel_oil_2,2010-03-08,2026-08-03,-856,sarimax,355.7691929523768,337.2691929523768,303.2862353348513,408.2521505699023
FR,fuel_oil_2,2010-03-15,2026-08-03,-855,sarimax,355.7691929523768,337.2691929523768,300.9904568910513,410.5479290137023
FR,heating_oil,2026-07-13,2026-08-03,-3,gbm,1381.2579207222554,980.5962540555888,1356.3277582788112,1410.3922453573011
FR,heating_oil,2026-07-20,2026-08-03,-2,gbm,1380.6808554500226,980.019188783356,1356.3277582788112,1408.4463307523556
FR,heating_oil,2026-07-27,2026-08-03,-1,gbm,1376.2538392022036,975.592172535537,1355.4975402115513,1407.4282441196112
FR,heating_oil,2026-08-03,2026-08-03,0,gbm,1378.3181172804689,977.6564506138023,1357.1798402894556,1409.365422341028
FR,heating_oil,2026-08-10,2026-08-03,1,gbm,1379.116640001228,978.4549733345616,1356.8378686084811,1409.365422341028
FR,heating_oil,2026-08-17,2026-08-03,2,gbm,1379.116640001228,978.4549733345616,1356.2913861277725,1409.365422341028
FR,heating_oil,2026-08-24,2026-08-03,3,gbm,1378.356176119575,977.6945094529084,1355.0632919253371,1407.624416161151
FR,heating_oil,2026-08-31,2026-08-03,4,gbm,1377.7907886778555,977.1291220111892,1354.6683212207472,1407.3050709441322
FR,heating_oil,2026-09-07,2026-08-03,5,gbm,1394.5826964599714,993.9210297933048,1348.5415129298926,1399.8684721183338
FR,heating_oil,2026-09-14,2026-08-03,6,gbm,1393.900695927665,993.2390292609984,1348.5415129298926,1399.8684721183338
FR,heating_oil,2026-09-21,2026-08-03,7,gbm,1387.8756774051212,987.2140107384548,1347.4996398066655,1400.1577763993066
FR,heating_oil,2026-09-28,2026-08-03,8,gbm,1387.8756774051212,987.2140107384548,1345.7404431261036,1399.8571888952858
FR,heating_oil,2026-10-05,2026-08-05,9,gbm,1562.9705021975597,1117.1171688642264,1448.5257039288956,1629.9782308898175
FR,heating_oil,2026-10-12,2026-08-05,10,gbm,1560.450860207515,1114.5975268741818,1448.5257039288956,1629.310911177228
FR,heating_oil,2026-10-19,2026-08-05,11,gbm,1559.703651460548,1113.850318127215,1445.6379471575628,1629.863099699353
FR,lpg,2026-07-13,2026-08-03,-3,sarimax,1013.9156408263184,729.327307492985,1004.2233535519983,1023.6079281006384
FR,lpg,2026-07-20,2026-08-03,-2,sarimax,1015.0614510494096,730.4731177160763,1001.186302069846,1028.9366000289735
FR,lpg,2026-07-27,2026-08-03,-1,sarimax,1013.9803202803636,729.3919869470301,997.0475392333226,1030.9131013274043
FR,lpg,2026-08-03,2026-08-03,0,sarimax,1013.519206962942,728.9308736296085,993.8965541294943,1033.141859796389
FR,lpg,2026-08-10,2026-08-03,1,sarimax,1012.5566879939988,727.9683546606655,990.6596882284008,1034.453687759597
FR,lpg,2026-08-17,2026-08-03,2,sarimax,1013.464874054957,728.8765407216237,989.4318589337556,1037.4978891761584
FR,lpg,2026-08-24,2026-08-03,3,sarimax,1012.6079538820233,728.0196205486898,986.6807170721248,1038.5351906919211
FR,lpg,2026-08-31,2026-08-03,4,sarimax,1013.41650205772,728.8281687243865,985.6652641891,1041.16773992634
FR,lpg,2026-09-07,2026-08-03,5,sarimax,1011.6136469718824,727.025313638549,982.2036093101464,1041.0236846336184
FR,lpg,2026-09-14,2026-08-03,6,sarimax,1012.3334886216572,727.7451552883238,981.3063370209416,1043.3606402223727
FR,lpg,2026-09-21,2026-08-03,7,sarimax,1011.6542810698928,727.0659477365593,979.1324944512936,1044.176067688492
FR,lpg,2026-09-28,2026-08-03,8,sarimax,1012.2951482641126,727.7068149307793,978.3062667034884,1046.284029824737
FR,lpg,2026-10-05,2026-08-05,9,sarimax,1005.2608719969166,721.8775386635833,974.25311160614,1036.2686323876933
FR,lpg,2026-10-12,2026-08-05,10,sarimax,1005.7475301913228,722.3641968579896,973.246501430627,1038.2485589520188
FR,lpg,2026-10-19,2026-08-05,11,sarimax,1005.288630805662,721.9052974723288,971.320977690022,1039.2562839213024
IT,diesel,2026-07-13,2026-08-03,-3,gbm,1910.2546102331592,897.0434626921756,1888.17181592534,1967.673869254888
IT,diesel,2026-07-20,2026-08-03,-2,gbm,1909.8921621911977,896.681014650214,1888.17181592534,1967.673869254888
IT,diesel,2026-07-27,2026-08-03,-1,gbm,1907.4828590915536,894.2717115505701,1888.17181592534,1968.162517091983
IT,diesel,2026-08-03,2026-08-03,0,gbm,1905.0613606554084,891.850213114425,1886.2213754697573,1965.065565501392
IT,diesel,2026-08-10,2026-08-03,1,gbm,1907.057893791036,893.8467462500521,1886.2213754697573,1958.2819655910205
IT,diesel,2026-08-17,2026-08-03,2,gbm,1904.124042248094,890.9128947071104,1887.2553600021008,1955.9200196108204
IT,diesel,2026-08-24,2026-08-03,3,gbm,1902.6076746318408,889.3965270908571,1882.507691565164,1950.962750567636
IT,diesel,2026-08-31,2026-08-03,4,gbm,1901.977660429892,888.7665128889081,1882.507691565164,1950.1149056364025
IT,diesel,2026-09-07,2026-08-03,5,gbm,1921.35586082456,908.1447132835764,1898.0955617190325,1929.585453839085
IT,diesel,2026-09-14,2026-08-03,6,gbm,1917.6465932267697,904.435445685786,1898.0955617190325,1928.8935483326284
IT,diesel,2026-09-21,2026-08-03,7,gbm,1917.327370505945,904.1162229649614,1895.842235826564,1928.804839159695
IT,diesel,2026-09-28,2026-08-03,8,gbm,1917.327370505945,904.1162229649614,1895.842235826564,1928.7973283781216
IT,diesel,2026-10-05,2026-08-05,9,gbm,2059.4811501383656,1000.565904236726,1952.2767360371968,2125.400894122835
IT,diesel,2026-10-12,2026-08-05,10,gbm,2057.964554776212,999.049308874572,1950.1288171576853,2125.4249466721
IT,diesel,2026-10-19,2026-08-05,11,gbm,2057.964554776212,999.049308874572,1950.1144419655743,2125.175713531584
IT,euro95,2026-07-13,2026-08-03,-3,sarimax,1791.1803777968223,791.8869351738716,1772.055916418598,1810.3048391750472
IT,euro95,2026-07-20,2026-08-03,-2,sarimax,1779.257751739407,779.9643091164562,1748.0927473002937,1810.4227561785208
IT,euro95,2026-07-27,2026-08-03,-1,sarimax,1771.7045176430838,772.411075020133,1729.7548345814105,1813.6542007047567
IT,euro95,2026-08-03,2026-08-03,0,sarimax,1765.5462120316597,766.2527694087088,1713.809207276599,1817.28321678672
IT,euro95,2026-08-10,2026-08-03,1,sarimax,1762.5147300657663,763.2212874428154,1701.851485520854,1823.177974610678
IT,euro95,2026-08-17,2026-08-03,2,sarimax,1760.5942225503154,761.3007799273647,1691.7460631697709,1829.44238193086
IT,euro95,2026-08-24,2026-08-03,3,sarimax,1759.3775406902882,760.0840980673373,1682.9782307725168,1835.77685060806
IT,euro95,2026-08-31,2026-08-03,4,sarimax,1758.6067471700285,759.3133045470776,1675.1966567338454,1842.016837606211
IT,euro95,2026-09-07,2026-08-03,5,sarimax,1758.1617863915335,758.8683437685829,1668.2022682078573,1848.1213045752104
IT,euro95,2026-09-14,2026-08-03,6,sarimax,1757.8524292835325,758.5589866605817,1661.7389844516067,1853.9658741154583
IT,euro95,2026-09-21,2026-08-03,7,sarimax,1757.6564450561616,758.3630024332108,1655.7300930725028,1859.5827970398204
IT,euro95,2026-09-28,2026-08-03,8,sarimax,1757.5322849305826,758.2388423076318,1650.0890633229358,1864.9755065382287
IT,euro95,2026-10-05,2026-08-05,9,sarimax,2001.0843656882107,974.593873884932,1905.721125042484,2096.447606333938
IT,euro95,2026-10-12,2026-08-05,10,sarimax,2001.1907290750048,974.700237271726,1900.1832776533608,2102.198180496649
IT,euro95,2026-10-19,2026-08-05,11,sarimax,2001.2551251635848,974.764633360306,1894.8910880673336,2107.619162259836
IT,fuel_oil_1,2026-07-13,2026-08-03,-3,sarimax,593.5755386812783,562.1855386812783,575.0689642920322,612.0821130705244
IT,fuel_oil_1,2026-07-20,2026-08-03,-2,sarimax,593.5755386812783,562.1855386812783,566.8722904593053,620.2787869032513
IT,fuel_oil_1,2026-07-27,2026-08-03,-1,sarimax,593.5755386812783,562.1855386812783,560.6569476484909,626.4941297140657
IT,fuel_oil_1,2026-08-03,2026-08-03,0,sarimax,594.3322818562351,562.9422818562351,556.198257605397,632.4663061070733
IT,fuel_oil_1,2026-08-10,2026-08-03,1,sarimax,594.3322818562351,562.9422818562351,551.6149086277334,637.0496550847369
IT,fuel_oil_1,2026-08-17,2026-08-03,2,sarimax,594.3322818562351,562.9422818562351,547.4777821201081,641.1867815923621
IT,fuel_oil_1,2026-08-24,2026-08-03,3,sarimax,594.3322818562351,562.9422818562351,543.6774270493923,644.9871366630779
IT,fuel_oil_1,2026-08-31,2026-08-03,4,sarimax,594.3322818562351,562.9422818562351,540.1429426327132,648.521621079757
IT,fuel_oil_1,2026-09-07,2026-08-03,5,sarimax,595.4631138472531,564.0731138472531,537.9561172689102,652.970110425596
IT,fuel_oil_1,2026-09-14,2026-08-03,6,sarimax,595.4631138472531,564.0731138472531,534.8196902512758,656.1065374432304
IT,fuel_oil_1,2026-09-21,2026-08-03,7,sarimax,595.4631138472531,564.0731138472531,531.8376865762261,659.0885411182801
IT,fuel_oil_1,2026-09-28,2026-08-03,8,sarimax,595.4631138472531,564.0731138472531,528.9893207750931,661.9369069194131
IT,fuel_oil_1,2026-10-05,2026-08-05,9,sarimax,702.6048018484297,671.2148018484297,640.9150584433153,764.2945452535441
IT,fuel_oil_1,2026-10-12,2026-08-05,10,sarimax,702.6048018484297,671.2148018484297,637.8754955528858,767.3341081439736
IT,fuel_oil_1,2026-10-19,2026-08-05,11,sarimax,702.6048018484297,671.2148018484297,634.9724002526278,770.2372034442316
IT,heating_oil,2026-07-13,2026-08-03,-3,gbm,1593.2544146294915,900.7894965967048,1530.69114340512,1596.964244983043
IT,heating_oil,2026-07-20,2026-08-03,-2,gbm,1593.2544146294915,900.7894965967048,1530.69114340512,1596.964244983043
IT,heating_oil,2026-07-27,2026-08-03,-1,gbm,1589.2943247900153,896.8294067572284,1530.69114340512,1595.2323513286276
IT,heating_oil,2026-08-03,2026-08-03,0,gbm,1591.692985923477,899.22806789069,1532.5221167088985,1591.692985923477
IT,heating_oil,2026-08-10,2026-08-03,1,gbm,1582.065990582621,889.6010725498343,1530.4774789729008,1590.5417765474708
IT,heating_oil,2026-08-17,2026-08-03,2,gbm,1579.5757811593735,887.1108631265865,1527.9201512654713,1590.1381868673002
IT,heating_oil,2026-08-24,2026-08-03,3,gbm,1577.4231778799078,884.958259847121,1525.0351187165484,1590.3819132851672
IT,heating_oil,2026-08-31,2026-08-03,4,gbm,1571.7338617774344,879.2689437446475,1522.8580301714003,1590.348345061113
IT,heating_oil,2026-09-07,2026-08-03,5,gbm,1591.2756059419562,898.8106879091692,1525.1398183264237,1609.384492996462
IT,heating_oil,2026-09-14,2026-08-03,6,gbm,1588.9513262547332,896.4864082219464,1525.1398183264237,1608.5719389872595
IT,heating_oil,2026-09-21,2026-08-03,7,gbm,1588.9513262547332,896.4864082219464,1524.6734055441766,1607.7554854238736
IT,heating_oil,2026-09-28,2026-08-03,8,gbm,1588.953137908817,896.4882198760305,1523.803928335076,1606.8431035992753
IT,heating_oil,2026-10-05,2026-08-05,9,gbm,1768.6824907212658,1026.3118349835609,1659.0414420771776,1806.40799629356
IT,heating_oil,2026-10-12,2026-08-05,10,gbm,1766.917810583256,1024.547154845551,1655.7501437609262,1806.048461918621
IT,heating_oil,2026-10-19,2026-08-05,11,gbm,1766.917810583256,1024.547154845551,1655.1705155794723,1806.587131052969
IT,lpg,2026-07-13,2026-08-03,-3,sarimax,768.3945857715157,481.6229464272534,761.0085214886932,775.7806500543383
IT,lpg,2026-07-20,2026-08-03,-2,sarimax,764.6471437127711,477.8755043685088,752.5276340304085,776.7666533951337
IT,lpg,2026-07-27,2026-08-03,-1,sarimax,761.9493138442465,475.1776744999842,745.4410524390527,778.4575752494404
IT,lpg,2026-08-03,2026-08-03,0,sarimax,759.171848791712,472.4002094474497,738.548689609466,779.795007973958
IT,lpg,2026-08-10,2026-08-03,1,sarimax,757.7736342251025,471.0019948808401,733.2930960183354,782.2541724318695
IT,lpg,2026-08-17,2026-08-03,2,sarimax,756.7670422721719,469.99540292790965,728.6710393670114,784.8630451773325
IT,lpg,2026-08-24,2026-08-03,3,sarimax,756.042384280544,469.2707449362816,724.5541216402071,787.5306469208806
IT,lpg,2026-08-31,2026-08-03,4,sarimax,755.5206940332678,468.7490546890055,720.8431784863202,790.1982095802155
IT,lpg,2026-09-07,2026-08-03,5,sarimax,754.7834258783607,468.01178653409846,717.0995963765763,792.4672553801452
IT,lpg,2026-09-14,2026-08-03,6,sarimax,754.5130474858944,467.74140814163206,713.9869041564763,795.0391908153125
IT,lpg,2026-09-21,2026-08-03,7,sarimax,754.3183987384114,467.5467593941491,711.0966265529504,797.5401709238724
IT,lpg,2026-09-28,2026-08-03,8,sarimax,754.1782686986139,467.4066293543517,708.3920325892655,799.9645048079625
IT,lpg,2026-10-05,2026-08-05,9,sarimax,749.567946106936,465.6671264348048,709.0754906673619,790.0604015465099
IT,lpg,2026-10-12,2026-08-05,10,sarimax,749.4897124216928,465.5888927495617,706.3013064097457,792.67811843364
IT,lpg,2026-10-19,2026-08-05,11,sarimax,749.4333261914223,465.5325065192913,703.6800122837419,795.186640099103
NL,diesel,2026-07-13,2026-08-03,-3,gbm,2039.8995657265548,1131.1665905199432,1972.0184067979465,2073.8517574831403
NL,diesel,2026-07-20,2026-08-03,-2,gbm,2039.247398692862,1130.5144234862505,1972.0184067979465,2073.0488192907505
NL,diesel,2026-07-27,2026-08-03,-1,gbm,2033.970744916664,1125.2377697100526,1972.0184067979465,2073.162246493609
NL,diesel,2026-08-03,2026-08-03,0,gbm,2044.948631557451,1136.2156563508397,1971.005135969369,2078.980496090473
NL,diesel,2026-08-10,2026-08-03,1,gbm,2043.571506671536,1134.8385314649238,1970.0535411408569,2079.2471798278284
NL,diesel,2026-08-17,2026-08-03,2,gbm,2044.366093125848,1135.633117919236,1969.54749720016,2078.846111273532
NL,diesel,2026-08-24,2026-08-03,3,gbm,2046.8643001903288,1138.1313249837176,1969.54749720016,2078.986848396644
NL,diesel,2026-08-31,2026-08-03,4,gbm,2043.7174714401988,1134.9844962335872,1969.54749720016,2061.777339352868
NL,diesel,2026-09-07,2026-08-03,5,gbm,2048.917005220979,1140.1840300143672,1969.6692552400937,2071.384887964238
NL,diesel,2026-09-14,2026-08-03,6,gbm,2045.9491715805648,1137.216196373953,1967.55733933684,2071.327382567192
NL,diesel,2026-09-21,2026-08-03,7,gbm,2042.8647288550355,1134.1317536484237,1964.5499830571816,2071.205726658347
NL,diesel,2026-09-28,2026-08-03,8,gbm,2042.8647288550355,1134.1317536484237,1964.5499830571816,2071.7153588944457
NL,diesel,2026-10-05,2026-08-05,9,gbm,2223.417974894618,1250.1507848119734,2070.5769584478794,2268.6237452865525
NL,diesel,2026-10-12,2026-08-05,10,gbm,2223.071497809004,1249.8043077263592,2068.4561438047936,2264.5696527505306
NL,diesel,2026-10-19,2026-08-05,11,gbm,2223.071497809004,1249.8043077263592,2068.4561438047936,2266.15075721772
NL,euro95,2026-07-13,2026-08-03,-3,sarimax,2202.4263647847406,972.0128937103608,2179.373630767167,2225.479098802314
NL,euro95,2026-07-20,2026-08-03,-2,sarimax,2201.931646382249,971.5181753078692,2166.477217388592,2237.386075375907
NL,euro95,2026-07-27,2026-08-03,-1,sarimax,2201.687786567405,971.2743154930253,2155.9776965229794,2247.3978766118307
NL,euro95,2026-08-03,2026-08-03,0,sarimax,2202.297368585247,971.8838975108672,2147.73406658902,2256.860670581474
NL,euro95,2026-08-10,2026-08-03,1,sarimax,2202.2381163705063,971.8246452961264,2139.8455500515247,2264.630682689488
NL,euro95,2026-08-17,2026-08-03,2,sarimax,2202.208909383172,971.795438308792,2132.7651135252017,2271.652705241142
NL,euro95,2026-08-24,2026-08-03,3,sarimax,2202.1945124848808,971.7810414105006,2126.306737343046,2278.082287626716
NL,euro95,2026-08-31,2026-08-03,4,sarimax,2202.187415872072,971.7739447976924,2120.340722613155,2284.034109130989
NL,euro95,2026-09-07,2026-08-03,5,sarimax,2201.979596074062,971.566124999682,2114.5696841952163,2289.3895079529075
NL,euro95,2026-09-14,2026-08-03,6,sarimax,2201.977871763616,971.564400689236,2109.3337397959367,2294.6220037312955
NL,euro95,2026-09-21,2026-08-03,7,sarimax,2201.977021805288,971.5635507309084,2104.376881250542,2299.577162360035
NL,euro95,2026-09-28,2026-08-03,8,sarimax,2201.9766028382974,971.5631317639176,2099.659245091037,2304.293960585558
NL,euro95,2026-10-05,2026-08-05,9,sarimax,2403.37934689963,1141.4433138417787,2309.198559458725,2497.5601343405347
NL,euro95,2026-10-12,2026-08-05,10,sarimax,2403.3864525622635,1141.4504195044124,2304.1560821767325,2502.6168229477944
NL,euro95,2026-10-19,2026-08-05,11,sarimax,2403.3899128558223,1141.4538797979712,2299.3538282754453,2507.4259974361994
NL,fuel_oil_1,2023-03-06,2026-08-03,-178,sarimax,743.4124843901081,743.4124843901081,721.0974984739167,765.7274703062996
NL,fuel_oil_1,2023-03-13,2026-08-03,-177,sarimax,743.4124843901081,743.4124843901081,711.9956291725797,774.8293396076366
NL,fuel_oil_1,2023-03-20,2026-08-03,-176,sarimax,743.4124843901081,743.4124843901081,704.9927110034981,781.8322577767182
NL,fuel_oil_1,2023-03-27,2026-08-03,-175,sarimax,743.4124843901081,743.4124843901081,699.082593995502,787.7423747847143
NL,fuel_oil_1,2023-04-03,2026-08-03,-174,sarimax,741.350863667447,741.350863667447,691.8109870253204,790.8907403095736
NL,fuel_oil_1,2023-04-10,2026-08-03,-173,sarimax,741.350863667447,741.350863667447,687.0990473565028,795.6026799783913
NL,fuel_oil_1,2023-04-17,2026-08-03,-172,sarimax,741.350863667447,741.350863667447,682.7648604895909,799.9368668453031
NL,fuel_oil_1,2023-04-24,2026-08-03,-171,sarimax,741.350863667447,741.350863667447,678.7299409365012,803.9717863983929
NL,fuel_oil_1,2023-05-01,2026-08-03,-170,sarimax,739.3675474360522,739.3675474360522,672.956402595789,805.7786922763154
NL,fuel_oil_1,2023-05-08,2026-08-03,-169,sarimax,739.3675474360522,739.3675474360522,669.3711164247945,809.3639784473098
NL,fuel_oil_1,2023-05-15,2026-08-03,-168,sarimax,739.3675474360522,739.3675474360522,665.9607320192731,812.7743628528312
NL,fuel_oil_1,2023-05-22,2026-08-03,-167,sarimax,739.3675474360522,739.3675474360522,662.7019049033479,816.0331899687565
NL,heating_oil,2023-03-06,2026-08-03,-178,sarimax,1900.280421802916,1900.280421802916,1856.6697314838248,1943.891112122006
NL,heating_oil,2023-03-13,2026-08-03,-177,sarimax,1899.3591256681948,1899.3591256681948,1839.7177068033943,1959.000544532995
NL,heating_oil,2023-03-20,2026-08-03,-176,sarimax,1898.937788014978,1898.937788014978,1827.4871329763416,1970.3884430536143
NL,heating_oil,2023-03-27,2026-08-03,-175,sarimax,1898.7450970751945,1898.7450970751945,1817.470853017698,1980.0193411326911
NL,heating_oil,2023-04-03,2026-08-03,-174,sarimax,1899.70444305102,1899.70444305102,1809.792247402176,1989.616638699864
NL,heating_oil,2023-04-10,2026-08-03,-173,sarimax,1899.6641413533623,1899.6641413533623,1801.9243131622875,1997.403969544437
NL,heating_oil,2023-04-17,2026-08-03,-172,sarimax,1899.6457101214576,1899.6457101214576,1794.681616861597,2004.609803381319
NL,heating_oil,2023-04-24,2026-08-03,-171,sarimax,1899.637280940325,1899.637280940325,1787.9242591457942,2011.350302734856
NL,heating_oil,2023-05-01,2026-08-03,-170,sarimax,1901.152770336112,1901.152770336112,1783.0799062223357,2019.2256344498887
NL,heating_oil,2023-05-08,2026-08-03,-169,sarimax,1901.1510073559227,1901.1510073559227,1777.0455074241777,2025.256507287668
NL,heating_oil,2023-05-15,2026-08-03,-168,sarimax,1901.1502010897204,1901.1502010897204,1771.2927669129365,2031.0076352665044
NL,heating_oil,2023-05-22,2026-08-03,-167,sarimax,1901.149832358868,1901.149832358868,1765.7849854499116,2036.514679267824
NL,lpg,2026-07-13,2026-08-03,-3,sarimax,966.0777141959632,593.9547389893515,949.6641938919662,982.49123449996
NL,lpg,2026-07-20,2026-08-03,-2,sarimax,965.3964389319055,593.273463725294,941.1092954457469,989.6835824180644
NL,lpg,2026-07-27,2026-08-03,-1,sarimax,964.8820387459114,592.7590635392997,934.0305809354202,995.7334965564024
NL,lpg,2026-08-03,2026-08-03,0,sarimax,965.2810834395068,593.1581082328951,928.5829103423248,1001.9792565366884
NL,lpg,2026-08-10,2026-08-03,1,sarimax,964.9878198747168,592.8648446681052,922.945377348456,1007.0302624009776
NL,lpg,2026-08-17,2026-08-03,2,sarimax,964.7663898005134,592.6434145939018,917.7722079639776,1011.7605716370492
NL,lpg,2026-08-24,2026-08-03,3,sarimax,964.5991979511036,592.4762227444919,912.9774293062468,1016.2209665959602
NL,lpg,2026-08-31,2026-08-03,4,sarimax,964.4729589358766,592.349983729265,908.4996033391312,1020.446314532622
NL,lpg,2026-09-07,2026-08-03,5,sarimax,964.7533614032754,592.6303861966638,904.66776839182,1024.8389544147308
NL,lpg,2026-09-14,2026-08-03,6,sarimax,964.6813915544516,592.5584163478399,900.6936354241135,1028.6691476847896
NL,lpg,2026-09-21,2026-08-03,7,sarimax,964.6270503717104,592.5040751650989,896.9231041432234,1032.3309966001975
NL,lpg,2026-09-28,2026-08-03,8,sarimax,964.5860197986312,592.4630445920195,893.3316263355599,1035.8404132617025
NL,lpg,2026-10-05,2026-08-05,9,sarimax,925.4630273904146,559.6036059028113,861.3495662957687,989.5764884850606
NL,lpg,2026-10-12,2026-08-05,10,sarimax,925.3620125090372,559.502591021434,857.5158357855577,993.2081892325168
NL,lpg,2026-10-19,2026-08-05,11,sarimax,925.2856257439774,559.4262042563741,853.8730038861268,996.698247601828
PL,diesel,2026-07-13,2026-08-03,-3,gbm,1546.04721388487,851.6367025749972,1519.5038453036614,1565.0248191381834
PL,diesel,2026-07-20,2026-08-03,-2,gbm,1546.04721388487,851.6367025749972,1519.5038453036614,1565.0248191381834
PL,diesel,2026-07-27,2026-08-03,-1,gbm,1546.04721388487,851.6367025749972,1519.5038453036614,1564.078181650346
PL,diesel,2026-08-03,2026-08-03,0,gbm,1541.1322006680614,846.7216893581885,1519.188128332442,1546.3068474111424
PL,diesel,2026-08-10,2026-08-03,1,gbm,1541.270851562018,846.860340252145,1517.7285645184495,1545.721967785288
PL,diesel,2026-08-17,2026-08-03,2,gbm,1541.270851562018,846.860340252145,1517.3395593961832,1545.5414627665823
PL,diesel,2026-08-24,2026-08-03,3,gbm,1541.1027343057476,846.6922229958747,1517.0718759999072,1545.1766448881108
PL,diesel,2026-08-31,2026-08-03,4,gbm,1541.1027343057476,846.6922229958747,1517.0718759999072,1545.051228054259
PL,diesel,2026-09-07,2026-08-03,5,gbm,1547.2783611930618,852.867849883189,1518.3913413517434,1547.2783611930618
PL,diesel,2026-09-14,2026-08-03,6,gbm,1547.160358840515,852.7498475306423,1518.0455574131747,1547.160358840515
PL,diesel,2026-09-21,2026-08-03,7,gbm,1547.2375060374093,852.8269947275364,1517.2810694413797,1547.2375060374093
PL,diesel,2026-09-28,2026-08-03,8,gbm,1547.2375060374093,852.8269947275364,1517.1459434341728,1547.2375060374093
PL,diesel,2026-10-05,2026-08-05,9,gbm,1742.5953809343682,1010.8556193024352,1633.1989749942045,1795.6613229725208
PL,diesel,2026-10-12,2026-08-05,10,gbm,1742.8823042176382,1011.1425425857054,1632.9133992921045,1796.1345031688031
PL,diesel,2026-10-19,2026-08-05,11,gbm,1742.8823042176382,1011.1425425857054,1632.6744421697445,1796.6260341014338
PL,euro95,2026-07-13,2026-08-03,-3,sarimax,1575.0756843139138,855.6148846419178,1556.119145052743,1594.0322235750846
PL,euro95,2026-07-20,2026-08-03,-2,sarimax,1572.7247240447143,853.2639243727183,1541.7545462840797,1603.6949018053492
PL,euro95,2026-07-27,2026-08-03,-1,sarimax,1571.2256136998851,851.7648140278891,1529.4612316217838,1612.989995777987
PL,euro95,2026-08-03,2026-08-03,0,sarimax,1572.5037687824652,853.0429691104689,1520.9232967956953,1624.0842407692348
PL,euro95,2026-08-10,2026-08-03,1,sarimax,1571.894217535738,852.4334178637416,1511.3487294674735,1632.4397056040016
PL,euro95,2026-08-17,2026-08-03,2,sarimax,1571.5055318605082,852.044732188512,1502.7318158485282,1640.279247872488
PL,euro95,2026-08-24,2026-08-03,3,sarimax,1571.2576830455969,851.7968833736008,1494.8882077459689,1647.627158345225
PL,euro95,2026-08-31,2026-08-03,4,sarimax,1571.099640084491,851.638840412495,1487.675338007865,1654.523942161117
PL,euro95,2026-09-07,2026-08-03,5,sarimax,1571.7485720790978,852.2877724071017,1481.732359293463,1661.7647848647323
PL,euro95,2026-09-14,2026-08-03,6,sarimax,1571.6843104426475,852.2235107706513,1475.4737291442668,1667.894891741028
PL,euro95,2026-09-21,2026-08-03,7,sarimax,1571.6433334490162,852.1825337770199,1469.5816111575955,1673.7050557404366
PL,euro95,2026-09-28,2026-08-03,8,sarimax,1571.6172041112054,852.1564044392094,1464.0025755740555,1679.2318326483555
PL,euro95,2026-10-05,2026-08-05,9,sarimax,1763.546447487175,1021.1366764759534,1666.220944038413,1860.871950935937
PL,euro95,2026-10-12,2026-08-05,10,sarimax,1763.6935015037543,1021.2837304925328,1660.4903838727712,1866.8966191347376
PL,euro95,2026-10-19,2026-08-05,11,sarimax,1763.7854772611608,1021.3757062499392,1655.005289533395,1872.5656649889268
PL,fuel_oil_1,2026-07-13,2026-08-03,-3,sarimax,623.8634226459493,607.7731304555708,597.9449598329353,649.7818854589633
PL,fuel_oil_1,2026-07-20,2026-08-03,-2,sarimax,622.7986490511375,606.7083568607591,591.8757114396504,653.7215866626246
PL,fuel_oil_1,2026-07-27,2026-08-03,-1,sarimax,622.9720818569292,606.8817896665507,587.01932173796,658.9248419758984
PL,fuel_oil_1,2026-08-03,2026-08-03,0,sarimax,626.4249980656107,610.3347058752322,586.1730175739671,666.6769785572543
PL,fuel_oil_1,2026-08-10,2026-08-03,1,sarimax,626.4295993513665,610.339307160988,582.2791681587628,670.5800305439702
PL,fuel_oil_1,2026-08-17,2026-08-03,2,sarimax,626.4288498832141,610.3385576928356,578.6997382865064,674.1579614799217
PL,fuel_oil_1,2026-08-24,2026-08-03,3,sarimax,626.4289719583343,610.3386797679558,575.3710317998189,677.4869121168497
PL,fuel_oil_1,2026-08-31,2026-08-03,4,sarimax,626.4289520744541,610.3386598840756,572.2463692493823,680.6115348995259
PL,fuel_oil_1,2026-09-07,2026-08-03,5,sarimax,629.5565499735147,613.4662577831363,572.4199390432407,686.6931609037888
PL,fuel_oil_1,2026-09-14,2026-08-03,6,sarimax,629.5565494459823,613.4662572556039,569.6113063241223,689.5017925678424
PL,fuel_oil_1,2026-09-21,2026-08-03,7,sarimax,629.556549531908,613.4662573415295,566.9285041865933,692.1845948772227
PL,fuel_oil_1,2026-09-28,2026-08-03,8,sarimax,629.5565495179122,613.4662573275338,564.3559977541795,694.757101281645
PL,fuel_oil_1,2026-10-05,2026-08-05,9,sarimax,726.8271947825277,710.8623636858132,665.9652452481799,787.6891443168755
PL,fuel_oil_1,2026-10-12,2026-08-05,10,sarimax,726.8271946615043,710.8623635647898,663.2354462804394,790.4189430425693
PL,fuel_oil_1,2026-10-19,2026-08-05,11,sarimax,726.8271946797937,710.8623635830792,660.6181014888118,793.0362878707756
PL,fuel_oil_2,2026-07-13,2026-08-03,-3,sarimax,488.29967023628393,472.2093780459055,466.2750154002495,510.3243250723184
PL,fuel_oil_2,2026-07-20,2026-08-03,-2,sarimax,488.29967023628393,472.2093780459055,457.3591166766077,519.2402237959602
PL,fuel_oil_2,2026-07-27,2026-08-03,-1,sarimax,488.29967023628393,472.2093780459055,450.490276052934,526.1090644196339
PL,fuel_oil_2,2026-08-03,2026-08-03,0,sarimax,488.659490519541,472.5691983291625,445.0500566497385,532.2689243893436
PL,fuel_oil_2,2026-08-10,2026-08-03,1,sarimax,488.659490519541,472.5691983291625,439.9356241255711,537.3833569135109
PL,fuel_oil_2,2026-08-17,2026-08-03,2,sarimax,488.659490519541,472.5691983291625,435.3092553718852,542.0097256671968
PL,fuel_oil_2,2026-08-24,2026-08-03,3,sarimax,488.659490519541,472.5691983291625,431.05324064816926,546.2657403909127
PL,fuel_oil_2,2026-08-31,2026-08-03,4,sarimax,488.659490519541,472.5691983291625,427.09072848735735,550.2282525517246
PL,fuel_oil_2,2026-09-07,2026-08-03,5,sarimax,487.90701094244,471.8167187520615,422.6157795854775,553.1982422994024
PL,fuel_oil_2,2026-09-14,2026-08-03,6,sarimax,487.90701094244,471.8167187520615,419.0943861847609,556.719635700119
PL,fuel_oil_2,2026-09-21,2026-08-03,7,sarimax,487.90701094244,471.8167187520615,415.7446262813585,560.0693956035215
PL,fuel_oil_2,2026-09-28,2026-08-03,8,sarimax,487.90701094244,471.8167187520615,412.54361005111457,563.2704118337654
PL,fuel_oil_2,2026-10-05,2026-08-05,9,sarimax,593.2315992290995,577.266768132385,523.6010751168568,662.8621233413422
PL,fuel_oil_2,2026-10-12,2026-08-05,10,sarimax,593.2315992290995,577.266768132385,520.2066352626897,666.2565631955093
PL,fuel_oil_2,2026-10-19,2026-08-05,11,sarimax,593.2315992290995,577.266768132385,516.963120573463,669.500077884736
PL,heating_oil,2026-07-13,2026-08-03,-3,gbm,1205.1714512519416,920.520812284762,1173.8028164400623,1225.8898099151731
PL,heating_oil,2026-07-20,2026-08-03,-2,gbm,1205.1714512519416,920.520812284762,1173.8028164400623,1223.1385568997398
PL,heating_oil,2026-07-27,2026-08-03,-1,gbm,1205.010555877423,920.3599169102432,1173.5906039752022,1220.9636876118016
PL,heating_oil,2026-08-03,2026-08-03,0,gbm,1204.040771173711,919.3901322065312,1171.802186552788,1221.840572330619
PL,heating_oil,2026-08-10,2026-08-03,1,gbm,1204.040771173711,919.3901322065312,1170.7229676663833,1221.840572330619
PL,heating_oil,2026-08-17,2026-08-03,2,gbm,1202.838552305453,918.1879133382736,1165.5780455956974,1221.840572330619
PL,heating_oil,2026-08-24,2026-08-03,3,gbm,1202.838552305453,918.1879133382736,1162.6286294716,1221.840572330619
PL,heating_oil,2026-08-31,2026-08-03,4,gbm,1200.7576133564794,916.1069743892996,1161.8544155082736,1221.6329260865018
PL,heating_oil,2026-09-07,2026-08-03,5,gbm,1198.5442391895704,913.8936002223908,1159.4524192021615,1217.6059574778214
PL,heating_oil,2026-09-14,2026-08-03,6,gbm,1196.3338339412194,911.6831949740398,1159.4524192021615,1217.61658441071
PL,heating_oil,2026-09-21,2026-08-03,7,gbm,1196.7686237311932,912.1179847640136,1159.4524192021615,1217.7604124037575
PL,heating_oil,2026-09-28,2026-08-03,8,gbm,1196.9984827166538,912.347843749474,1159.648897761589,1218.107283788991
PL,heating_oil,2026-10-05,2026-08-05,9,gbm,1376.8988718502308,1050.6808559102008,1276.8882628766728,1427.9675693616182
PL,heating_oil,2026-10-12,2026-08-05,10,gbm,1377.1626184646375,1050.9446025246075,1275.1453725320655,1428.125103344513
PL,heating_oil,2026-10-19,2026-08-05,11,gbm,1377.1626184646375,1050.9446025246075,1275.1453725320655,1425.194799979667
PL,lpg,2026-07-13,2026-08-03,-3,sarimax,744.4090607055373,488.2986449482698,734.1429501274263,754.6751712836481
PL,lpg,2026-07-20,2026-08-03,-2,sarimax,739.4209460538145,483.3105302965471,722.0430925008609,756.7987996067681
PL,lpg,2026-07-27,2026-08-03,-1,sarimax,736.2213214873163,480.110905730049,712.306124083836,760.1365188907968
PL,lpg,2026-08-03,2026-08-03,0,sarimax,735.4770343818332,479.3666186245657,705.5597641694242,765.394304594242
PL,lpg,2026-08-10,2026-08-03,1,sarimax,734.1605242266035,478.05010846933607,698.7379008714016,769.5831475818054
PL,lpg,2026-08-17,2026-08-03,2,sarimax,733.3160492037084,477.20563344644097,692.8314723962535,773.8006260111631
PL,lpg,2026-08-24,2026-08-03,3,sarimax,732.7743609672289,476.6639452099615,687.6147189365199,777.9340029979378
PL,lpg,2026-08-31,2026-08-03,4,sarimax,732.4268952191783,476.3164794619109,682.9261639814382,781.9276264569182
PL,lpg,2026-09-07,2026-08-03,5,sarimax,733.1165384906099,477.0061227333424,679.5620578194807,786.6710191617387
PL,lpg,2026-09-14,2026-08-03,6,sarimax,732.9735710341486,476.8631552768812,675.6128377967054,790.3343042715917
PL,lpg,2026-09-21,2026-08-03,7,sarimax,732.8818646043966,476.7714488471292,671.9288756209165,793.8348535878765
PL,lpg,2026-09-28,2026-08-03,8,sarimax,732.8230395440225,476.7126237867552,668.4638294447311,797.182249643314
PL,lpg,2026-10-05,2026-08-05,9,sarimax,700.9767375558998,453.3474811304391,643.4558055249151,758.4976695868845
PL,lpg,2026-10-12,2026-08-05,10,sarimax,700.9175784314492,453.2883220059884,639.7806778134088,762.0544790494895
PL,lpg,2026-10-19,2026-08-05,11,sarimax,700.8794066875602,453.25015026209934,636.3136806453699,765.4451327297504
PT,diesel,2026-07-13,2026-08-03,-3,gbm,1769.883694123486,929.6327157084212,1696.5611831220845,1825.1884206974505
PT,diesel,2026-07-20,2026-08-03,-2,gbm,1767.7112917806965,927.4603133656316,1696.5611831220845,1825.1884206974505
PT,diesel,2026-07-27,2026-08-03,-1,gbm,1765.2293949517457,924.9784165366804,1695.9088353501884,1824.3091605361856
PT,diesel,2026-08-03,2026-08-03,0,gbm,1768.6503070663634,928.3993286512984,1696.3488220084275,1820.2098325289187
PT,diesel,2026-08-10,2026-08-03,1,gbm,1764.1125149014297,923.8615364863648,1693.0575337467903,1819.4270045554804
PT,diesel,2026-08-17,2026-08-03,2,gbm,1764.1125149014297,923.8615364863648,1690.5829799388384,1818.8964617840547
PT,diesel,2026-08-24,2026-08-03,3,gbm,1758.3956087933302,918.1446303782652,1689.796629966299,1815.7048877543232
PT,diesel,2026-08-31,2026-08-03,4,gbm,1754.4995225792482,914.2485441641832,1690.210957751796,1809.980995071244
PT,diesel,2026-09-07,2026-08-03,5,gbm,1756.0269928220073,915.7760144069424,1690.8535409633296,1800.4070108568685
PT,diesel,2026-09-14,2026-08-03,6,gbm,1753.5696278878572,913.3186494727923,1687.6452403210376,1799.6770365774096
PT,diesel,2026-09-21,2026-08-03,7,gbm,1752.3571037074837,912.1061252924188,1686.6231070865024,1799.4233510365552
PT,diesel,2026-09-28,2026-08-03,8,gbm,1751.1555239691888,910.904545554124,1685.4196114818517,1799.0686624552347
PT,diesel,2026-10-05,2026-08-05,9,gbm,1893.480383049974,1054.9442826836894,1741.1272525507854,1937.527606986027
PT,diesel,2026-10-12,2026-08-05,10,gbm,1890.8187299972471,1052.2826296309624,1740.3408705268291,1937.193308998944
PT,diesel,2026-10-19,2026-08-05,11,gbm,1891.8433122254248,1053.30721185914,1738.4318230666204,1937.610085576764
PT,euro95,2026-07-13,2026-08-03,-3,sarimax,1905.1108342318328,928.7024831391424,1884.6878069768031,1925.5338614868635
PT,euro95,2026-07-20,2026-08-03,-2,sarimax,1907.868078218984,931.4597271262928,1874.0736102205103,1941.6625462174568
PT,euro95,2026-07-27,2026-08-03,-1,sarimax,1908.937206559881,932.5288554671904,1864.113574641648,1953.7608384781145
PT,euro95,2026-08-03,2026-08-03,0,sarimax,1907.869574675233,931.461223582542,1853.6959641157027,1962.0431852347635
PT,euro95,2026-08-10,2026-08-03,1,sarimax,1908.0303202884825,931.6219691957914,1845.711689880876,1970.3489506960889
PT,euro95,2026-08-17,2026-08-03,2,sarimax,1908.092649807234,931.684298714543,1838.5116166073435,1977.6736830071245
PT,euro95,2026-08-24,2026-08-03,3,sarimax,1908.1168182360284,931.7084671433372,1831.939657146333,1984.293979325724
PT,euro95,2026-08-31,2026-08-03,4,sarimax,1908.126189605519,931.7178385128276,1825.8718854996944,1990.3804937113428
PT,euro95,2026-09-07,2026-08-03,5,sarimax,1906.6233803193545,930.2150292266635,1818.708005778681,1994.5387548600283
PT,euro95,2026-09-14,2026-08-03,6,sarimax,1906.6247893237537,930.2164382310629,1813.390343497008,1999.8592351505
PT,euro95,2026-09-21,2026-08-03,7,sarimax,1906.625335668779,930.216984576088,1808.3589086208096,2004.8917627167484
PT,euro95,2026-09-28,2026-08-03,8,sarimax,1906.625547515447,930.2171964227556,1803.572403471064,2009.6786915598293
PT,euro95,2026-10-05,2026-08-05,9,sarimax,2000.7443703378992,1027.002767212688,1906.3184417104728,2095.170298965326
PT,euro95,2026-10-12,2026-08-05,10,sarimax,2000.745336041173,1027.0037329159618,1901.199142123556,2100.2915299587903
PT,euro95,2026-10-19,2026-08-05,11,sarimax,2000.745723668341,1027.0041205431298,1896.3298310190148,2105.161616317668
PT,fuel_oil_1,2026-07-13,2026-08-03,-3,sarimax,992.3173437544848,759.8219557544847,966.4727760591808,1018.1619114497888
PT,fuel_oil_1,2026-07-20,2026-08-03,-2,sarimax,993.057213390572,760.5618253905718,960.325242822798,1025.7891839583458
PT,fuel_oil_1,2026-07-27,2026-08-03,-1,sarimax,992.6613036478724,760.1659156478725,952.5600705216176,1032.7625367741275
PT,fuel_oil_1,2026-08-03,2026-08-03,0,sarimax,993.1252697111046,760.6298817111045,947.6153711149302,1038.635168307279
PT,fuel_oil_1,2026-08-10,2026-08-03,1,sarimax,993.0119049287354,760.5165169287353,942.2876914431442,1043.7361184143265
PT,fuel_oil_1,2026-08-17,2026-08-03,2,sarimax,993.0725672665716,760.5771792665714,937.8112779345888,1048.333856598554
PT,fuel_oil_1,2026-08-24,2026-08-03,3,sarimax,993.040106398612,760.544718398612,933.4933258283936,1052.5868869688304
PT,fuel_oil_1,2026-08-31,2026-08-03,4,sarimax,993.0574764503816,760.5620884503816,929.5606375136535,1056.5543153871097
PT,fuel_oil_1,2026-09-07,2026-08-03,5,sarimax,992.2964536957892,759.801065695789,925.0575277613676,1059.5353796302106
PT,fuel_oil_1,2026-09-14,2026-08-03,6,sarimax,992.3014274358268,759.8060394358268,921.5300580246826,1063.0727968469712
PT,fuel_oil_1,2026-09-21,2026-08-03,7,sarimax,992.2987659505563,759.8033779505563,918.156905221575,1066.4406266795377
PT,fuel_oil_1,2026-09-28,2026-08-03,8,sarimax,992.300190131111,759.8048021311109,914.937702771488,1069.6626774907338
PT,fuel_oil_1,2026-10-05,2026-08-05,9,sarimax,1030.5006016002371,798.005213600237,959.6012093730576,1101.3999938274164
PT,fuel_oil_1,2026-10-12,2026-08-05,10,sarimax,1030.485893255129,797.9905052551289,956.2093404730276,1104.7624460372303
PT,fuel_oil_1,2026-10-19,2026-08-05,11,sarimax,1030.4937643101543,797.9983763101542,952.9902180055562,1107.9973106147522
PT,heating_oil,2026-07-13,2026-08-03,-3,gbm,1750.875338502661,917.6811080550756,1708.5287666225563,1789.418425796483
PT,heating_oil,2026-07-20,2026-08-03,-2,gbm,1748.9553783912588,915.7611479436732,1708.5287666225563,1788.817420882444
PT,heating_oil,2026-07-27,2026-08-03,-1,gbm,1746.8941521726956,913.69992172511,1708.5287666225563,1787.679637817742
PT,heating_oil,2026-08-03,2026-08-03,0,gbm,1751.8080125355598,918.6137820879744,1713.8748577219578,1791.178503817973
PT,heating_oil,2026-08-10,2026-08-03,1,gbm,1745.430124680613,912.2358942330276,1711.3317549621647,1790.163537835111
PT,heating_oil,2026-08-17,2026-08-03,2,gbm,1745.7917103357229,912.5974798881376,1711.2338431426151,1790.143778560232
PT,heating_oil,2026-08-24,2026-08-03,3,gbm,1745.2259107769994,912.031680329414,1709.9949512127223,1788.1684546257688
PT,heating_oil,2026-08-31,2026-08-03,4,gbm,1743.1941047809523,909.9998743333668,1708.788044503438,1784.2784376652344
PT,heating_oil,2026-09-07,2026-08-03,5,gbm,1746.2832449452812,913.0890144976958,1709.491492569151,1790.2437123239747
PT,heating_oil,2026-09-14,2026-08-03,6,gbm,1746.2832449452812,913.0890144976958,1707.8493839151438,1790.0823482020005
PT,heating_oil,2026-09-21,2026-08-03,7,gbm,1746.2832449452812,913.0890144976958,1700.8502868862756,1790.0396928894725
PT,heating_oil,2026-09-28,2026-08-03,8,gbm,1746.2832449452812,913.0890144976958,1700.3669477825883,1790.548522002488
PT,heating_oil,2026-10-05,2026-08-05,9,gbm,1919.676198665419,1036.555138949541,1793.5335961936737,1946.5077840206743
PT,heating_oil,2026-10-12,2026-08-05,10,gbm,1920.7468307752447,1037.6257710593677,1793.3048854438512,1946.5138195524896
PT,heating_oil,2026-10-19,2026-08-05,11,gbm,1920.7468307752447,1037.6257710593677,1793.3048854438512,1946.2156429777856
PT,lpg,2026-07-13,2026-08-03,-3,sarimax,893.7986188613036,554.0771464713117,884.7103395152997,902.8868982073076
PT,lpg,2026-07-20,2026-08-03,-2,sarimax,890.6524380715615,550.9309656815697,876.5186668377435,904.7862093053795
PT,lpg,2026-07-27,2026-08-03,-1,sarimax,888.2964381670128,548.5749657770209,869.674818679643,906.9180576543826
PT,lpg,2026-08-03,2026-08-03,0,sarimax,885.3404163089726,545.6189439189808,862.5737566249954,908.1070759929498
PT,lpg,2026-08-10,2026-08-03,1,sarimax,884.0192470631955,544.2977746732037,857.3826959382336,910.6557981881574
PT,lpg,2026-08-17,2026-08-03,2,sarimax,883.0298968557654,543.3084244657736,852.7629841493668,913.296809562164
PT,lpg,2026-08-24,2026-08-03,3,sarimax,882.2890274811032,542.5675550911113,848.6054262631696,915.9726286990368
PT,lpg,2026-08-31,2026-08-03,4,sarimax,881.7342315896278,542.012759199636,844.8258557524184,918.6426074268372
PT,lpg,2026-09-07,2026-08-03,5,sarimax,880.803809751805,541.0823373618132,840.8433071739879,920.7643123296222
PT,lpg,2026-09-14,2026-08-03,6,sarimax,880.4926979949304,540.7712256049385,837.6354482477407,923.34994774212
PT,lpg,2026-09-21,2026-08-03,7,sarimax,880.2597236941875,540.5382513041957,834.6456378415164,925.8738095468586
PT,lpg,2026-09-28,2026-08-03,8,sarimax,880.085262190862,540.3637898008701,831.8404491539904,928.3300752277336
PT,lpg,2026-10-05,2026-08-05,9,sarimax,892.3995278789778,553.0520392288233,849.6969790412638,935.1020767166916
PT,lpg,2026-10-12,2026-08-05,10,sarimax,892.3683953376865,553.020906687532,846.9307577984872,937.8060328768858
PT,lpg,2026-10-19,2026-08-05,11,sarimax,892.3451966734453,552.9977080232909,844.2983195243246,940.3920738225662
